Plot;Quad;X_quad;Y_quad;Q_Yellow;X_yellow;Y_yellow;TAG ;Col_data;Status_23;X_10;Y_10;X;Y;alt;dia_x;dia_y;alt24;dia_x24;dia_y24;Status24;Status_combined;Status_combined2;;Obs24;Obs23
1;A;0;0;D4;10;10;no tag;2023;Immature;2;9;12;19;11.1;7.6;7.3;24;14;9;Immature;I_live;old;;Anteriormente registrado como x=1 e y=1;Menor classe de diametro = 5mm
1;B;50;0;A5;40;40;no tag;2023;Reprodutivo;0.5;7;90.5;47;17.9;5.6;8.5;17;5;8;Reprodutivo;R_live;old;;Status não registrado. Provavelmente Immature;Todas medidas de tamanhho em mm
1;B;50;0;A5;40;40;no tag;2023;Immature;4;5;94;45;12.6;5;5;;;;dead;I_dead;old;;;
1;B;50;0;A5;40;40;no tag;2023;Immature;4;5;94;45;8.2;10.2;20.5;;;;dead;I_dead;old;;;
1;B;50;0;A5;40;40;2010;2022;Reprodutivo;6;3;96;43;29.2;51.2;37.2;24;15;23;dead;R_dead;old;;;
1;B;50;0;B1;0;30;2006;2022;Reprodutivo;6;4;56;34;45;43.1;36.9;43;32;26;dead;R_dead;old;;;
1;B;50;0;C2;10;20;no tag;2023;Reprodutivo;3;7;63;27;18;6.7;5.5;17;7;6;Immature;R_live;old;;;
1;B;50;0;C2;10;20;no tag;2023;Immature;5;7;65;27;18;7.1;6.7;16;5;5;dead;I_dead;old;;;
1;B;50;0;C2;10;20;no tag;2023;Immature;2;8;62;28;18;6.5;6.5;;;;dead;I_dead;old;;;
1;B;50;0;C2;10;20;no tag;2023;Immature;2;8;62;28;18;6.5;6.5;5;5;5;Immature;I_live;old;;;
1;B;50;0;D3;20;10;2003;2022;immature;4;10;74;20;20.4;26.5;19.9;;;;dead;I_dead;old;;Tirou tag;
1;B;50;0;D4;30;10;2000;2022;Reprodutivo;6;4;86;14;25.6;21.4;35.9;;;;dead;R_dead;old;;Tirou tag;
1;B;50;0;D4;30;10;2001;2022;dead;0;9;80;19;18.1;39.7;32.3;;;;dead;new;new;;Tirou tag;
1;C;0;50;A3;0;20;no tag;2022;Reprodutivo;3.5;7;3.5;77;7.7;5;5;;;;dead;R_dead;old;;;
1;C;0;50;C1;20;0;2009;2022;Reprodutivo;23;2.5;43;52.5;24.3;17.1;20;;;;dead;R_dead;old;;Tirou tag;
1;C;0;50;C2;20;10;no tag;2022;Reprodutivo;3;9;23;69;27.4;27.2;37;28;16;28;dead;R_dead;old;;;
1;D;50;50;D5;40;10;2012;2022;dead;9;6;99;66;51.5;Cara;18.2;20;14;10;Reprodutivo;new;new;;;
1;B;50;0;E2;10;0;no tag;2023;Immature;2;7;62;7;24.9;23.2;17.3;32;23;20;Reprodutivo;I_live;old;;Anteriormente registrado como x=4 e y=1.5;
1;B;50;0;D4;30;10;no tag;2023;Immature;3;5.5;83;15.5;7.5;5;5;;;;dead;I_dead;old;;;
1;D;50;50;E5;40;0;no tag;2023;Immature;9.5;5;99.5;55;15;7.7;9;24;8;7;Immature;I_live;old;;Status não registrado. Provavelmente Immature;
1;B;50;0;A5;40;40;No tag;2024;new;4;4.5;94;44.5;;5;;5;5;5;Immature;new;new;;;
1;B;50;0;A5;40;40;no tag;2024;new;4;5.5;94;45.5;;5;;5;5;5;Immature;new;new;;;
1;B;50;0;A5;40;40;no tag;2024;new;4.5;6;94.5;46;;5;;5;5;5;Immature;new;new;;;
1;D;50;50;D5;0;30;no tag;2024;new;8;6;58;86;;5;;17;5;5;Immature;new;new;;;
2;A;0;0;A2;40;30;no tag;2022;Reprodutivo;1.5;5.5;41.5;35.5;21.8;20;5;;;;dead;R_dead;old;;;
2;A;0;0;A2;40;30;no tag;2023;Reprodutivo;6.5;8;46.5;38;17.7;5;5.5;22;5;14;Reprodutivo;R_live;old;;;
2;A;0;0;A3;40;20;2030;2022;Reprodutivo;9;9.5;49;29.5;37.4;5;24.6;;;;dead;R_dead;old;;;
2;A;0;0;A3;40;20;2031;2022;dead;6;6;46;26;71.3;5;74.9;;;;dead;new;new;;Status não registrado. Provavelmente Immature;
2;A;0;0;A3;40;20;no tag;2023;Immature;4;4.5;44;24.5;17.6;5;5;;;;dead;I_dead;old;;;
2;A;0;0;A3;40;10;no tag;2023;Reprodutivo;3;8;43;18;32.7;5;10.5;;;;dead;R_dead;old;;;
2;A;0;0;A4;40;10;2023;2022;Reprodutivo;9;5;49;15;45.3;5;59.7;30;23;35;dead;R_dead;old;;;
2;A;0;0;A4;40;10;2032;2022;dead;5;2;45;12;55.6;5;35;;;;dead;new;new;;Tag retirada;
2;A;0;0;A4;40;10;2021;2022;dead;2;7.5;42;17.5;29.2;5;32.2;;;;dead;new;new;;Tag retirada;
2;A;0;0;A4;40;10;no tag;2023;Immature;1;4;41;14;7.6;5;5;;;;dead;I_dead;old;;;
2;A;0;0;A4;40;10;no tag;2023;Immature;1;4;41;14;7.6;5;5;;;;dead;I_dead;old;;;
2;A;0;0;A4;40;10;no tag;2023;Immature;3;5.5;43;15.5;5;5;5;;;;dead;I_dead;old;;;
2;A;0;0;A5;40;0;no tag;2023;Immature;7;4.5;47;4.5;5.9;5;5;;;;dead;I_dead;old;;;
2;A;0;0;A5;40;0;no tag;2023;Reprodutivo;7;4.5;47;4.5;5.9;5;5;;;;dead;R_dead;old;;;
2;A;0;0;A5;40;0;no tag;2023;Immature;5;8.5;45;8.5;5;5;5;;;;dead;I_dead;old;;;
2;A;0;0;B1;30;40;no tag;2022;dead;3;4;33;44;na;5;na;;;;dead;new;new;;;
2;A;0;0;B2;30;30;no tag;2023;Reprodutivo;2.5;9;32.5;39;8.7;5;5;;;;dead;R_dead;old;;;
2;A;0;0;B2;30;30;no tag;2023;Immature;2.5;5;32.5;35;10;5;5;;;;dead;I_dead;old;;;
2;A;0;0;B2;30;30;no tag;2023;Immature;3;5;33;35;10;5;5;;;;dead;I_dead;old;;;
2;A;0;0;B2;30;30;no tag;2023;Immature;2;6.5;32;36.5;11.4;12;5;;;;dead;I_dead;old;;;
2;A;0;0;B3;30;20;2026;2022;dead;;;30;20;na;5;na;;;;dead;new;new;;;
2;A;0;0;B3;30;20;2025;2022;dead;5.5;3;35.5;23;20.6;5;26.6;;;;dead;new;new;;Retirou a tag;
2;A;0;0;B3;30;20;2018;2022;dead;9;8;39;28;18.5;5;29.5;;;;dead;new;new;;;
2;A;0;0;B3;30;20;no tag;2023;Immature;2.5;0.5;32.5;20.5;5;5;5;;;;dead;I_dead;old;;;
2;A;0;0;B3;30;20;2871;2023;Immature;1.5;2;31.5;22;5;5;5;25;15;13;Reprodutivo;I_live;old;;Ganhou tag em 2024 (#2871);
2;A;0;0;B3;30;20;no tag;2023;Immature;0.5;6;30.5;26;5.1;5;5;;;;dead;I_dead;old;;;
2;A;0;0;B3;30;20;no tag;2023;Reprodutivo;4.5;3;34.5;23;5;5;55;;;;dead;R_dead;old;;;
2;A;0;0;B5;30;0;2022;2022;dead;7.5;3.5;37.5;3.5;52.5;5;71.4;;;;dead;new;new;;Tag retirada;
2;A;0;0;B5;30;0;no tag;2023;Immature;6;6.5;36;6.5;5;5;5;5;5;5;Immature;I_live;old;;;
2;A;0;0;B5;30;0;no tag;2023;Immature;6;6.5;36;6.5;5;5;5;;;;dead;I_dead;old;;;
2;A;0;0;B5;30;0;no tag;2023;Immature;6;6.5;36;6.5;5;5;5;;;;dead;I_dead;old;;;
2;A;0;0;B5;30;0;no tag;2023;Immature;6;6.5;36;6.5;10.6;5;5;;;;dead;I_dead;old;;;
2;A;0;0;B5;30;0;no tag;2023;Immature;6;6;36;6;5;5;5;5;5;5;Immature;I_live;old;;;
2;A;0;0;B5;30;0;no tag;2023;Reprodutivo;9;8;39;8;16.9;5;5;;;;dead;R_dead;old;;;
2;A;0;0;B5;30;0;2875;2023;Reprodutivo;9.5;6.5;39.5;6.5;10.8;5;5.5;25;34;17;Reprodutivo;R_live;old;;"Recebeu tag em 2024 (#2875)
Status não registrado. Immature?";
2;A;0;0;B5;30;0;no tag;2023;Immature;4.5;8;34.5;8;5;5;5;;;;dead;I_dead;old;;;
2;A;0;0;B5;30;0;no tag;2023;Immature;3;3;33;3;5;5;55;;;;dead;I_dead;old;;;
2;A;0;0;B5;30;0;no tag;2023;Immature;3;3;33;3;5;5;5;;;;dead;I_dead;old;;;
2;A;0;0;C1;20;40;no tag;2023;Reprodutivo;8.5;2;28.5;42;12.7;5;5;;;;dead;R_dead;old;;;
2;A;0;0;C1;20;40;no tag;2023;Reprodutivo;5;3;25;43;5;5;5;;;;dead;R_dead;old;;;
2;A;0;0;C1;20;40;no tag;2023;Reprodutivo;4;3.5;24;43.5;10.2;5;5.5;;;;dead;R_dead;old;;;
2;A;0;0;C2;20;30;2019;2022;dead;10;5;30;35;48.1;5;47.6;;;;dead;new;new;;Tirou tag;
2;A;0;0;C3;20;20;2016;2022;dead;3;8;23;28;27.8;5;55.7;;;;dead;new;new;;;
2;A;0;0;C3;20;20;no tag;2023;Reprodutivo;0.5;4.5;20.5;24.5;10.5;5;6.5;;;;dead;R_dead;old;;;
2;A;0;0;C4;20;10;no tag;2023;Immature;3.5;5;23.5;15;5;5;5;;;;dead;I_dead;old;;;
2;A;0;0;C4;20;10;no tag;2023;Reprodutivo;5;4;25;14;12.3;5;5;;;;dead;R_dead;old;;;
2;A;0;0;C4;20;10;no tag;2023;Reprodutivo;7.5;8.5;27.5;18.5;6.7;5;5;;;;dead;R_dead;old;;;
2;A;0;0;C4;20;10;no tag;2023;Immature;4.5;4;24.5;14;5;5;5;;;;dead;I_dead;old;;;
2;A;0;0;C5;20;0;no tag;2023;Immature;4.5;6;24.5;6;5;5;5;;;;dead;I_dead;old;;;
2;A;0;0;D1;10;40;no tag;2023;Reprodutivo;2;8;12;48;8.7;5;5;;;;dead;R_dead;old;;;
2;A;0;0;D1;10;40;no tag;2023;Reprodutivo;6.5;3;16.5;43;5.6;5;5;;;;dead;R_dead;old;;;
2;A;0;0;D2;10;30;no tag;2023;Reprodutivo;6;2;16;32;10.4;5;9.1;;;;dead;R_dead;old;;;
2;A;0;0;D3;10;20;no tag;2023;Immature;0.5;2;10.5;22;7.3;5;5;;;;dead;I_dead;old;;;
2;A;0;0;D3;10;20;no tag;2023;Immature;0.5;2;10.5;22;1.3;5;5;;;;dead;I_dead;old;;;
2;A;0;0;D3;10;20;no tag;2023;Immature;0.5;2;10.5;22;7.3;5;5;;;;dead;I_dead;old;;;
2;A;0;0;D3;10;20;no tag;2023;Immature;0.5;2;10.5;22;7.3;5;5;;;;dead;I_dead;old;;;
2;A;0;0;E1;0;40;2029;2022;Reprodutivo;10;4;10;44;36.4;5;28.3;;;;dead;R_dead;old;;dead sem placa;
2;A;0;0;E1;0;40;no tag;2023;Reprodutivo;6;8;6;48;11.1;5;7.4;;;;dead;R_dead;old;;;
2;A;0;0;E1;0;40;no tag;2023;Reprodutivo;5;6.5;5;46.5;9.7;5;6.5;25;27;22;Reprodutivo;R_live;old;;;
2;A;0;0;E1;0;40;no tag;2022;Reprodutivo;1.5;5.5;1.5;45.5;24.2;5;15.2;;;;dead;R_dead;old;;;
2;A;0;0;E1;0;40;no tag;2023;Reprodutivo;5;6;5;46;12.2;5;6.9;;;;dead;R_dead;old;;;
2;A;0;0;E1;0;40;no tag;2023;Reprodutivo;4;7;4;47;6.7;5;5;;;;dead;R_dead;old;;;
2;B;50;0;A3;20;40;no tag;2023;Reprodutivo;9.5;8.5;79.5;48.5;9.1;5;5;;;;dead;R_dead;old;;;
2;B;50;0;A3;20;40;no tag;2023;Reprodutivo;9.5;8.5;79.5;48.5;9.1;5;5;11;5;5;Immature;R_live;old;;;
2;B;50;0;A3;20;40;no tag;2023;Reprodutivo;8;3.5;78;43.5;10.8;5;5;;;;dead;R_dead;old;;;
2;B;50;0;A3;20;40;no tag;2023;Reprodutivo;8;4.5;78;44.5;5.8;5;5;;;;dead;R_dead;old;;;
2;B;50;0;A3;20;40;no tag;2023;Immature;4;7;74;47;8.8;5;5;;;;dead;I_dead;old;;;
2;B;50;0;A3;20;40;no tag;2023;Reprodutivo;1;8;71;48;9.8;5;6;;;;dead;R_dead;old;;;
2;B;50;0;A3;20;40;no tag;2023;Reprodutivo;1;8;71;48;9.8;5;6;;;;dead;R_dead;old;;;
2;B;50;0;A3;20;40;no tag;2023;Reprodutivo;2.5;9.5;72.5;49.5;17.3;5;5;;;;dead;R_dead;old;;;
2;B;50;0;A3;20;40;no tag;2023;Immature;3;9.5;73;49.5;5;5;5;;;;dead;I_dead;old;;;
2;B;50;0;A3;20;40;no tag;2023;Reprodutivo;3.5;9.5;73.5;49.5;15.8;5;5;;;;dead;R_dead;old;;;
2;B;50;0;A3;20;40;no tag;2023;Immature;4;9.5;74;49.5;12.2;5;5;;;;dead;I_dead;old;;;
2;B;50;0;A3;20;40;no tag;2023;Reprodutivo;6;5;76;45;23.7;5;6.6;;;;dead;R_dead;old;;;
2;B;50;0;A3;20;40;no tag;2023;Reprodutivo;6;5;76;45;23.7;5;6.6;;;;dead;R_dead;old;;;
2;B;50;0;A4;30;40;no tag;2023;Immature;5;3.5;85;43.5;12.3;5;7.5;12.3;8.2;7.5;Immature;I_live;old;;Status não registrado. Immature?;
2;B;50;0;A4;30;40;no tag;2023;Immature;8;1;88;41;6.5;5;5;;;;dead;I_dead;old;;;
2;B;50;0;B1;0;30;no tag;2023;Reprodutivo;5.5;4.5;55.5;34.5;9;5;5;;;;dead;R_dead;old;;;
2;B;50;0;B1;0;30;no tag;2023;Reprodutivo;6;7;56;37;18.5;5;6;;;;dead;R_dead;old;;;
2;B;50;0;B1;0;30;no tag;2023;Reprodutivo;7;7;57;37;7.3;5;5;;;;dead;R_dead;old;;;
2;B;50;0;B1;0;30;no tag;2023;Immature;9;7;59;37;7.8;5;5.9;7.8;5.8;5.9;Immature;I_live;old;;;
2;B;50;0;B1;0;30;no tag;2023;Reprodutivo;9;8;59;38;17.4;5;5.5;16;5;5;Reprodutivo;R_live;old;;;
2;B;50;0;B1;0;30;no tag;2023;Reprodutivo;7.5;9;57.5;39;15.4;5;5;5;5;5;Immature;R_live;old;;;
2;B;50;0;B1;0;30;no tag;2023;Reprodutivo;7.5;9;57.5;39;15.4;5;5;5;5;5;Immature;R_live;old;;;
2;B;50;0;B1;0;30;no tag;2023;Reprodutivo;7.5;9;57.5;39;15.4;5;5;5;5;5;Immature;R_live;old;;;
2;B;50;0;B1;0;30;no tag;2023;Reprodutivo;7.5;9;57.5;39;15.4;5;5;5;5;5;Immature;R_live;old;;;
2;B;50;0;B1;0;30;no tag;2023;Reprodutivo;0.5;4.5;50.5;34.5;13.6;5;7;;;;dead;R_dead;old;;;
2;B;50;0;B2;10;30;no tag;2022;Reprodutivo;6.5;5.5;66.5;35.5;21.2;5;29.4;21;35;31;Reprodutivo;R_live;old;;"Recebeu tag em 2024 (#2893)
Altura não informada. Repeti a do ano anterior (2023)";adulto no tag, ano passado
2;B;50;0;B3;20;30;no tag;2023;Reprodutivo;3;9.5;73;39.5;8.1;5;5;;;;dead;R_dead;old;;;
2;B;50;0;B4;30;30;no tag;2023;Immature;4.5;1;84.5;31;5;5;5;;;;dead;I_dead;old;;;
2;B;50;0;B4;30;30;no tag;2023;Reprodutivo;8;2;88;32;18;5;7.4;;;;dead;R_dead;old;;;
2;B;50;0;C2;10;20;no tag;2023;Immature;8;5;68;25;11;5;5.5;;;;dead;I_dead;old;;;
2;B;50;0;C2;10;20;no tag;2023;Immature;9;5;69;25;13.1;5;5;;;;dead;I_dead;old;;;
2;B;50;0;C2;10;20;no tag;2023;Immature;9;5;69;25;13.1;5;5.3;;;;dead;I_dead;old;;;
2;B;50;0;C2;10;20;no tag;2023;Reprodutivo;7.5;6.5;67.5;26.5;12.6;5;5.3;;;;dead;R_dead;old;;;
2;B;50;0;C2;10;20;no tag;2023;Reprodutivo;7.5;6.5;67.5;26.5;12.3;5;5.3;;;;dead;R_dead;old;;;
2;C;0;50;A2;0;10;2043;2022;dead;5;8;5;68;na;5;na;;;;dead;new;new;;;
2;C;0;50;B4;10;30;no tag;2023;Reprodutivo;4.5;7.1;14.5;87.1;7.1;5;5;;;;dead;R_dead;old;;;
2;C;0;50;C1;20;0;no tag;2023;Immature;4;0.5;24;50.5;15.5;5;9.7;20;9;9;Immature;I_live;old;;;
2;C;0;50;C2;20;10;2039;2022;Reprodutivo;6.5;3;26.5;63;22.3;5;20.3;;;;dead;R_dead;old;;;
2;C;0;50;C2;20;10;2037;2022;Reprodutivo;5;7;25;67;30.2;5;38.4;37;51;45;Reprodutivo;R_live;old;;;
2;C;0;50;C2;20;10;no tag;2023;Immature;2;9;22;69;11.2;5;5;;;;dead;I_dead;old;;;
2;C;0;50;C2;20;10;no tag;2023;dead;2;9;22;69;na;5;na;;;;dead;new;new;;;
2;C;0;50;C3;20;20;no tag;2023;Immature;4;8.5;24;78.5;11.8;5;5;;;;dead;I_dead;old;;;
2;C;0;50;C3;20;20;no tag;2023;Immature;4.5;8.5;24.5;78.5;11.8;5;5;;;;dead;I_dead;old;;;
2;C;0;50;C3;20;20;no tag;2023;Immature;4.5;8.5;24.5;78.5;11.8;5;5;;;;dead;I_dead;old;;;
2;C;0;50;C3;20;20;no tag;2023;Immature;5;8.5;25;78.5;11.8;5;5;;;;dead;I_dead;old;;;
2;C;0;50;C3;20;20;no tag;2023;Reprodutivo;2;1;22;71;14.2;5;5;;;;dead;R_dead;old;;;
2;C;0;50;C3;20;20;2038;2022;Reprodutivo;7;10;27;80;38.8;5;34.1;;;;dead;R_dead;old;;;
2;C;0;50;C3;20;20;no tag;2023;Immature;1.5;8.5;21.5;78.5;12.4;5;5;14;5;5;Immature;I_live;old;;;
2;C;0;50;C3;20;20;no tag;2023;Immature;4;8.5;24;78.5;11.8;5;5;;;;dead;I_dead;old;;;
2;C;0;50;C3;20;20;no tag;2023;Immature;4.5;8.5;24.5;78.5;21.4;5;5;;;;dead;I_dead;old;;;
2;C;0;50;C3;20;20;no tag;2023;Immature;4.5;8.5;24.5;78.5;11.8;5;5;;;;dead;I_dead;old;;;
2;C;0;50;C3;20;20;no tag;2023;Immature;5;8.5;25;78.5;11.8;5;5;;;;dead;I_dead;old;;;
2;C;0;50;C5;20;40;no tag;2023;Immature;3.5;3.5;23.5;93.5;5;5;5;;;;dead;I_dead;old;;;
2;C;0;50;D1;30;0;no tag;2023;Immature;5;9;35;59;5;5;5;;;;dead;I_dead;old;;;
2;C;0;50;D1;30;0;no tag;2023;Immature;5.5;9;35.5;59;5;5;5;;;;dead;I_dead;old;;;
2;C;0;50;D1;30;0;no tag;2023;Immature;8;3;38;53;5;5;5;;;;dead;I_dead;old;;;
2;C;0;50;D1;30;0;no tag;2023;Immature;8.5;3.5;38.5;53.5;5;5;5;;;;dead;I_dead;old;;;
2;C;0;50;D1;30;0;no tag;2023;Immature;6;5;36;55;5;5;5;;;;dead;I_dead;old;;;
2;C;0;50;D1;30;0;no tag;2023;Immature;7.5;6;37.5;56;5;5;5;;;;dead;I_dead;old;;;
2;D;50;50;A2;30;0;no tag;2023;Reprodutivo;4;6.5;84;56.5;22.8;5;15.2;25;12;22;Reprodutivo;R_live;old;;;
2;D;50;50;A2;30;0;no tag;2023;Immature;7.5;3;87.5;53;8.9;5;5;;;;dead;I_dead;old;;;
2;D;50;50;A2;30;0;no tag;2023;Immature;7.5;3;87.5;53;8.9;5;5;;;;dead;I_dead;old;;;
2;D;50;50;A2;30;0;no tag;2023;Immature;7.5;3;87.5;53;8.9;5;6.6;9;8;6.6;Immature;I_live;old;;;
2;D;50;50;A3;20;0;no tag;2023;Reprodutivo;7.5;6;77.5;56;5;21;5;;;;dead;R_dead;old;;;
2;D;50;50;A3;20;0;no tag;2023;Immature;5.5;2;75.5;52;5;5;5;6;5;5;Immature;I_live;old;;;
2;D;50;50;A3;20;0;no tag;2023;Reprodutivo;6;2;76;52;5;5;5;12;5;5;Immature;R_live;old;;;
2;D;50;50;A3;20;0;no tag;2023;Reprodutivo;6;1.5;76;51.5;5;5;5;;;;dead;R_dead;old;;;
2;D;50;50;A3;20;0;no tag;2023;Reprodutivo;5;6;75;56;5;5;5;5;5;5;Immature;R_live;old;;;
2;D;50;50;A5;0;0;no tag;2023;Reprodutivo;1;3;51;53;18;5;5.5;;;;dead;R_dead;old;;;
2;D;50;50;A5;0;0;no tag;2023;Reprodutivo;7.5;3.5;57.5;53.5;11.8;5;5;;;;dead;R_dead;old;;;
2;D;50;50;A5;0;0;no tag;2023;dead;1;3;51;53;na;5;na;;;;dead;new;new;;;
2;D;50;50;A5;0;0;no tag;2023;Reprodutivo;1;3;51;53;8.1;5;5;;;;dead;R_dead;old;;;
2;B;50;0;C2;10;20;no tag;2023;Reprodutivo;6.5;8;66.5;28;26.3;5;11.6;;;;dead;R_dead;old;;;
2;B;50;0;C3;20;20;no tag;2023;Reprodutivo;7;6.5;77;26.5;19.6;5;8.2;;;;dead;R_dead;old;;;
2;B;50;0;C4;30;20;no tag;2023;Reprodutivo;8;4;88;24;6.3;5;5;;;;dead;R_dead;old;;;
2;B;50;0;C4;30;20;no tag;2023;Reprodutivo;5;5;85;25;9.4;5;5.5;12;5;5;Immature;R_live;old;;;
2;B;50;0;C4;30;20;no tag;2022;Reprodutivo;2;3;82;23;7.5;5;5.3;5;5;5;Immature;R_live;old;;;
2;B;50;0;C4;30;20;no tag;2023;Reprodutivo;8;4;88;24;6.3;5;5;;;;dead;R_dead;old;;;
2;B;50;0;D2;10;10;no tag;2023;Immature;1;5;61;15;11.1;5;5.5;;;;dead;I_dead;old;;;
2;B;50;0;D2;10;10;no tag;2023;Immature;2;5;62;15;13.6;5;5;;;;dead;I_dead;old;;;
2;B;50;0;D2;10;10;no tag;2023;Immature;2;5;62;15;13.6;5;5;;;;dead;I_dead;old;;;
2;B;50;0;D2;10;10;no tag;2023;Reprodutivo;8;2;68;12;1.5;5;5.5;;;;dead;R_dead;old;;;
2;B;50;0;D2;10;10;no tag;2023;Reprodutivo;8;2;68;12;15.7;5;5;17;5;5;dead;R_dead;old;;dead com rebrota;
2;B;50;0;D2;10;10;no tag;2023;Reprodutivo;1;8.5;61;18.5;8;5;7.4;;;;dead;R_dead;old;;;
2;B;50;0;E1;0;0;no tag;2023;Reprodutivo;7;6.5;57;6.5;13.1;5;5.6;;;;dead;R_dead;old;;;
2;B;50;0;E1;0;0;no tag;2023;Reprodutivo;9;8;59;8;13.4;5;5;;;;dead;R_dead;old;;;
2;B;50;0;E1;0;0;no tag;2023;Reprodutivo;1.5;8;51.5;8;9.5;5;6.2;;;;dead;R_dead;old;;;
2;B;50;0;E2;10;0;no tag;2023;dead;0;1;60;1;na;5;na;;;;dead;new;new;;;
2;B;50;0;E2;10;0;no tag;2023;dead;0.5;2;60.5;2;na;5;na;;;;dead;new;new;;;
2;B;50;0;E3;20;0;no tag;2023;Reprodutivo;9;4;79;4;9.1;5;5;;;;dead;R_dead;old;;;
2;B;50;0;E3;20;0;no tag;2023;Reprodutivo;9;6;79;6;10.1;5;5;;;;dead;R_dead;old;;;
2;B;50;0;E3;20;0;no tag;2023;Reprodutivo;10;8;80;8;20.1;5;7.9;;;;dead;R_dead;old;;;
2;B;50;0;E3;20;0;no tag;2022;Reprodutivo;5;7;75;7;18.1;5;16.7;;;;dead;R_dead;old;;;adulto no tag, ano passado
2;B;50;0;E4;30;0;no tag;2023;Reprodutivo;10;9;90;9;24.7;5;26.6;;;;dead;R_dead;old;;;
2;C;0;50;D1;30;0;no tag;2023;Immature;8;9;38;59;5;5;5;;;;dead;I_dead;old;;;
2;C;0;50;D1;30;0;no tag;2023;Immature;8.5;8.5;38.5;58.5;5;5;5;;;;dead;I_dead;old;;;
2;C;0;50;D4;30;30;no tag;2023;Reprodutivo;2.5;3.5;32.5;83.5;7.8;5;5;;;;dead;R_dead;old;;;
2;C;0;50;D4;30;30;no tag;2023;Reprodutivo;4;3;34;83;12;5;5;;;;dead;R_dead;old;;;
2;C;0;50;D4;30;30;no tag;2023;Immature;6;4;36;84;5;5;5;;;;dead;I_dead;old;;;
2;C;0;50;D4;30;30;no tag;2023;Immature;8;4;38;84;5;5;5;11;5;5;Immature;I_live;old;;;
2;C;0;50;D5;30;40;no tag;2023;Immature;4;4;34;94;14;5;5;;;;dead;I_dead;old;;;
2;C;0;50;D5;30;40;no tag;2023;Immature;4;5;34;95;14.6;5;5.5;;;;dead;I_dead;old;;;
2;C;0;50;D5;30;40;no tag;2023;Immature;4;8;34;98;10.4;12;5;;;;dead;I_dead;old;;;
2;C;0;50;E2;40;10;no tag;2023;Immature;3;5;43;65;16.8;5;10.2;;;;dead;I_dead;old;;;
2;C;0;50;E2;40;10;no tag;2023;Immature;5;5;45;65;5.6;5;7;16;5;5;Immature;I_live;old;;;
2;C;0;50;E2;40;10;no tag;2022;Reprodutivo;8;4;48;64;23.1;5;27.6;;;;dead;R_dead;old;;;
2;C;0;50;E3;40;20;no tag;2023;Immature;8.5;4.5;48.5;74.5;11.7;5;5;;;;dead;I_dead;old;;Com dead;
2;C;0;50;E5;40;40;no tag;2023;Immature;1;2;41;92;12.8;5;5;;;;dead;I_dead;old;;Com dead;
2;C;0;50;E5;40;40;no tag;2023;Immature;2.5;2;42.5;92;5;5;5;12;5;5;Immature;I_live;old;;;
2;C;0;50;E5;40;40;no tag;2023;Immature;3;1.5;43;91.5;5;5;5;;;;dead;I_dead;old;;;
2;C;0;50;E5;40;40;no tag;2023;Immature;4;1;44;91;5;5;5;;;;dead;I_dead;old;;;
2;D;50;50;B1;40;10;no tag;2023;Reprodutivo;6.5;1;96.5;61;5;5;5;;;;dead;R_dead;old;;;
2;D;50;50;B2;30;10;no tag;2022;Reprodutivo;6.5;7.5;86.5;67.5;34;5;12.3;29;18;12;Reprodutivo;R_live;old;;;
2;D;50;50;B5;0;10;no tag;2023;Immature;2;1;52;61;5;5;5;;;;dead;I_dead;old;;;
2;D;50;50;B5;0;10;no tag;2023;Reprodutivo;7;5;57;65;10.9;5;5;;;;dead;R_dead;old;;;
2;D;50;50;B5;0;10;no tag;2023;Reprodutivo;5.5;5;55.5;65;9.3;5;5;;;;dead;R_dead;old;;;
2;D;50;50;B5;0;10;no tag;2023;Immature;7;8;57;68;6.7;5;5;;;;dead;I_dead;old;;;
2;D;50;50;B5;0;10;no tag;2023;dead;1;2;51;62;na;5;na;;;;dead;new;new;;;
2;D;50;50;B5;0;10;no tag;2023;Reprodutivo;2;0.5;52;60.5;8.6;5;5.5;;;;dead;R_dead;old;;;
2;D;50;50;B5;0;10;no tag;2023;Reprodutivo;3;0.5;53;60.5;8.7;5;5.9;;;;dead;R_dead;old;;;
2;D;50;50;B5;0;10;no tag;2023;Reprodutivo;3.5;0.5;53.5;60.5;12.3;10;5.5;;;;dead;R_dead;old;;;
2;D;50;50;B5;0;10;no tag;2023;Reprodutivo;8;2;58;62;8.6;14;5.5;;;;dead;R_dead;old;;;
2;D;50;50;B5;0;10;no tag;2023;Reprodutivo;8.5;5;58.5;65;11.7;5;5;;;;dead;R_dead;old;;;
2;D;50;50;B5;0;10;no tag;2023;dead;8;5;58;65;na;5;na;;;;dead;new;new;;;
2;D;50;50;C5;0;20;no tag;2023;Reprodutivo;0.5;3;50.5;73;5;5;5;;;;dead;R_dead;old;;;
2;D;50;50;C5;0;20;no tag;2023;Reprodutivo;0.5;3;50.5;73;5;5;5;;;;dead;R_dead;old;;;
2;D;50;50;D1;40;30;no tag;2023;Immature;6;2;96;82;19.4;5;6;;;;dead;I_dead;old;;;
2;D;50;50;D1;40;30;no tag;2023;Immature;7;4;97;84;5;5;5;;;;dead;I_dead;old;;;
2;D;50;50;D4;10;30;2044;2022;immature;1;4.5;61;84.5;22.3;5;22.1;;;;dead;I_dead;old;;;
2;D;50;50;E2;30;40;no tag;2023;Immature;5;5.5;85;95.5;5;5;5;;;;dead;I_dead;old;;;
2;D;50;50;E2;30;40;no tag;2023;Immature;4;6.5;84;96.5;5;5;5;;;;dead;I_dead;old;;;
2;D;50;50;E3;20;40;no tag;2022;Reprodutivo;0.5;4;70.5;94;22.5;5;39.3;;;;dead;R_dead;old;;;
2;D;50;50;E4;10;40;no tag;2023;Immature;2;8;62;98;8.4;5;5;;;;dead;I_dead;old;;;
2;D;50;50;E4;10;40;no tag;2023;Immature;2;8;62;98;8.4;5;5;;;;dead;I_dead;old;;;
2;D;50;50;E4;10;40;no tag;2023;Immature;2;8;62;98;8.4;5;5;;;;dead;I_dead;old;;;
2;D;50;50;E4;10;40;no tag;2023;Immature;2;8;62;98;8.4;5;5;;;;dead;I_dead;old;;;
2;A;0;0;A1;40;40;2876;2024;new;6;8;46;48;;5;;25;20;25;Reprodutivo;new;new;;;
2;A;0;0;E1;0;40;No tag;2024;new;2;5;2;45;;5;;5;5;5;Immature;new;new;;;
2;A;0;0;E1;0;40;no tag;2024;new;4;6;4;46;;5;;5;5;5;Immature;new;new;;;
2;A;0;0;E1;0;40;no tag;2024;new;3;7.5;3;47.5;;5;;5;5;5;Immature;new;new;;;
2;A;0;0;E1;0;40;no tag;2024;new;3;7.5;3;47.5;;5;;5;5;5;Immature;new;new;;;
2;A;0;0;E1;0;40;no tag;2024;new;4;9;4;49;;5;;5;5;5;Immature;new;new;;;
2;A;0;0;B5;30;0;no tag;2024;new;3;2;33;2;;5;;5;5;5;Reprodutivo;new;new;;;
2;A;0;0;A5;40;0;No tag;2024;new;3;5;43;5;;5;;5;5;5;Immature;new;new;;;
2;A;0;0;A4;40;10;No tag;2024;new;3.5;0.5;43.5;10.5;;5;;5;5;5;Reprodutivo;new;new;;;
2;A;0;0;A3;40;20;no tag;2024;new;3;1;43;21;;5;;5;5;5;Immature;new;new;;;
2;A;0;0;A3;40;20;no tag;2024;new;2;6;42;26;;5;;5;5;5;Immature;new;new;;;
2;A;0;0;A2;40;30;no tag;2024;new;2;5.5;42;35.5;;5;;5;5;5;Immature;new;new;;;
2;A;0;0;A2;40;30;no tag;2024;new;2;5.5;42;35.5;;5;;5;5;5;Immature;new;new;;;
2;A;0;0;A2;40;30;no tag;2024;new;2;5.5;42;35.5;;5;;5;5;5;Immature;new;new;;;
2;A;0;0;A2;40;30;no tag;2024;new;4;7;44;37;;5;;5;5;5;Immature;new;new;;;
2;A;0;0;A2;40;30;no tag;2024;new;3;8;43;38;;5;;5;5;5;Immature;new;new;;;
2;A;0;0;B1;30;40;no tag;2024;new;2;3.5;32;43.5;;5;;5;5;5;Immature;new;new;;;
2;A;0;0;B1;30;40;no tag;2024;new;3.5;7;33.5;47;;5;;5;5;5;Immature;new;new;;;
2;A;0;0;B2;30;30;no tag;2024;new;5.5;1;35.5;31;;5;;5;5;5;Immature;new;new;;;
2;A;0;0;B2;30;30;no tag;2024;new;8;3;38;33;;5;;5;12;13;Reprodutivo;new;new;;;
2;A;0;0;B2;30;30;no tag;2024;new;6;3;36;33;;5;;5;5;5;Immature;new;new;;;
2;A;0;0;B2;30;30;no tag;2024;new;6;5;36;35;;5;;5;5;10;Reprodutivo;new;new;;;
2;A;0;0;B2;30;30;no tag;2024;new;3;7.5;33;37.5;;5;;5;5;10;Immature;new;new;;;
2;A;0;0;C1;20;40;no tag;2024;new;8.5;0.5;28.5;40.5;;5;;5;5;5;Immature;new;new;;;
2;A;0;0;C1;20;40;no tag;2024;new;3;1;23;41;;5;;5;5;5;Immature;new;new;;;
2;A;0;0;C1;20;40;no tag;2024;new;5;7.5;25;47.5;;5;;5;5;5;Immature;new;new;;;
2;A;0;0;C2;20;30;no tag;2024;new;4.5;3.5;24.5;33.5;;5;;5;5;5;Immature;new;new;;;
2;A;0;0;C2;20;30;no tag;2024;new;0.5;4;20.5;34;;5;;5;5;5;Immature;new;new;;;
2;A;0;0;C2;20;30;no tag;2024;new;5;7.5;25;37.5;;5;;5;5;5;Immature;new;new;;;
2;A;0;0;C2;20;30;no tag;2024;new;9;7.5;29;37.5;;5;;5;5;5;Immature;new;new;;;
2;A;0;0;C3;20;20;no tag;2024;new;4;3;24;23;;5;;5;5;5;Reprodutivo;new;new;;;
2;A;0;0;C3;20;20;no tag;2024;new;1;4.5;21;24.5;;5;;5;5;5;Immature;new;new;;;
2;A;0;0;C3;20;20;no tag;2024;new;5;7;25;27;;5;;5;5;5;Immature;new;new;;;
2;A;0;0;C3;20;20;no tag;2024;new;4.5;7;24.5;27;;10;;5;5;5;Immature;new;new;;;
2;A;0;0;C3;20;20;no tag;2024;new;7;2;27;22;;5;;5;5;5;Immature;new;new;;;
2;A;0;0;C3;20;20;no tag;2024;new;8;2;28;22;;5;;5;5;5;Immature;new;new;;;
2;A;0;0;C4;20;10;no tag;2024;new;5.5;9;25.5;19;;15;;5;5;5;Immature;new;new;;;
2;A;0;0;D1;10;40;no tag;2024;new;4;1;14;41;;15;;5;5;5;Immature;new;new;;;
2;A;0;0;D1;10;40;no tag;2024;new;0.5;1;10.5;41;;5;;5;5;5;Immature;new;new;;;
2;A;0;0;D1;10;40;no tag;2024;new;0.5;1;10.5;41;;5;;5;5;5;Immature;new;new;;;
2;A;0;0;D1;10;40;no tag;2024;new;5;0;15;40;;5;;5;5;5;Immature;new;new;;;
2;A;0;0;D2;10;30;no tag;2024;new;8;4;18;34;;5;;5;5;5;Immature;new;new;;;
2;A;0;0;D2;10;30;no tag;2024;new;6;3.5;16;33.5;;5;;5;5;5;Immature;new;new;;;
2;A;0;0;D2;10;30;no tag;2024;new;1.5;4;11.5;34;;5;;5;5;5;Immature;new;new;;;
2;B;50;0;A3;20;40;no tag;2024;new;0.5;2.5;70.5;42.5;;16;;13;5;5;Immature;new;new;;;
2;B;50;0;A3;20;40;no tag;2024;new;7;8.5;77;48.5;;5;;11;5;5;Immature;new;new;;;
2;B;50;0;A3;20;40;no tag;2024;new;9.5;6;79.5;46;;5;;5;5;5;Immature;new;new;;;
2;B;50;0;A4;30;40;no tag;2024;new;4;3;84;43;;5;;5;5;5;Immature;new;new;;;
2;B;50;0;A4;30;40;no tag;2024;new;6;6.5;86;46.5;;5;;5;5;5;Immature;new;new;;;
2;B;50;0;A4;30;40;no tag;2024;new;6;6.5;86;46.5;;5;;5;5;5;Immature;new;new;;;
2;B;50;0;A4;30;40;no tag;2024;new;6;0.5;86;40.5;;5;;5;5;5;Immature;new;new;;;
2;B;50;0;B1;0;30;no tag;2024;new;3;10;53;40;;5;;5;5;5;Immature;new;new;;;
2;B;50;0;B2;10;30;no tag;2024;new;8.5;0;68.5;30;;5;;5;5;5;Immature;new;new;;;
2;B;50;0;B2;10;30;no tag;2024;new;7.5;2.5;67.5;32.5;;5;;5;5;5;Immature;new;new;;;
2;B;50;0;B2;10;30;no tag;2024;new;2;3;62;33;;5;;5;5;5;Immature;new;new;;;
2;B;50;0;B3;20;30;no tag;2024;new;0;9.5;70;39.5;;5;;5;5;5;Immature;new;new;;;
2;B;50;0;B3;20;30;no tag;2024;new;2;9.5;72;39.5;;5;;5;5;5;Immature;new;new;;;
2;B;50;0;B4;30;30;no tag;2024;new;5.5;2.5;85.5;32.5;;5;;5;5;5;Immature;new;new;;;
2;B;50;0;C4;30;20;no tag;2024;new;2.5;4.5;82.5;24.5;;5;;5;5;5;Immature;new;new;;;
2;B;50;0;C4;30;20;no tag;2024;new;7;6.5;87;26.5;;5;;5;5;5;Immature;new;new;;;
2;B;50;0;D3;20;10;no tag;2024;new;9;2;79;12;;5;;5;5;5;Immature;new;new;;;
2;B;50;0;D3;20;10;no tag;2024;new;9;2;79;12;;5;;5;5;5;Immature;new;new;;;
2;B;50;0;D3;20;10;no tag;2024;new;9;2;79;12;;5;;5;5;5;Immature;new;new;;;
2;B;50;0;E1;0;0;no tag;2024;new;7;3;57;3;;5;;5;5;5;Immature;new;new;;;
2;B;50;0;E1;0;0;no tag;2024;new;5;5.5;55;5.5;;5;;5;5;5;Immature;new;new;;;
2;B;50;0;E1;0;0;no tag;2024;new;4;5;54;5;;5;;5;5;5;Immature;new;new;;;
2;B;50;0;E2;10;0;no tag;2024;new;1;2;61;2;;5;;5;5;5;Immature;new;new;;;
2;B;50;0;E2;10;0;no tag;2024;new;2;10;62;10;;5;;5;5;5;Immature;new;new;;;
2;B;50;0;E4;30;0;no tag;2024;new;5;4;85;4;;5;;5;5;5;Immature;new;new;;;
2;B;50;0;C2;10;20;no tag;2024;new;9;8.5;69;28.5;;5;;14;5;5;Immature;new;new;;;
2;B;50;0;C2;10;20;no tag;2024;new;9;9.5;69;29.5;;5;;20;5;5;Immature;new;new;;;
2;B;50;0;C2;10;20;no tag;2024;new;8;9.5;68;29.5;;5;;5;5;5;Immature;new;new;;;
2;B;50;0;C2;10;20;no tag;2024;new;9.5;7.5;69.5;27.5;;5;;5;5;5;Immature;new;new;;;
2;B;50;0;C2;10;20;no tag;2024;new;9.5;7.5;69.5;27.5;;5;;5;5;5;Immature;new;new;;;
2;B;50;0;C2;10;20;no tag;2024;new;9.5;7.5;69.5;27.5;;5;;5;5;5;Immature;new;new;;;
2;B;50;0;C2;10;20;no tag;2024;new;9.5;7.5;69.5;27.5;;5;;5;5;5;Immature;new;new;;;
2;B;50;0;C2;10;20;no tag;2024;new;9.5;7.5;69.5;27.5;;5;;5;5;5;Immature;new;new;;;
2;B;50;0;C2;10;20;no tag;2024;new;9.5;7.5;69.5;27.5;;5;;5;5;5;Immature;new;new;;;
2;B;50;0;C2;10;20;no tag;2024;new;9;0;69;20;;5;;5;5;5;Immature;new;new;;;
2;B;50;0;D2;10;10;no tag;2024;new;0.5;5;60.5;15;;5;;5;5;5;Immature;new;new;;;
2;B;50;0;D2;10;10;no tag;2024;new;0.5;6.5;60.5;16.5;;5;;5;5;5;Immature;new;new;;;
2;C;0;50;B3;10;20;no tag;2024;new;8.5;2.5;18.5;72.5;;5;;5;5;5;Immature;new;new;;;
2;C;0;50;B3;10;20;no tag;2024;new;7.5;2.5;17.5;72.5;;5;;5;5;5;Immature;new;new;;;
2;C;0;50;B4;10;30;no tag;2024;new;1;3;11;83;;15;;5;5;5;Immature;new;new;;;
2;C;0;50;C2;20;10;no tag;2024;new;7;7;27;67;;5;;5;5;5;Immature;new;new;;;
2;C;0;50;C2;20;10;no tag;2024;new;7;7;27;67;;5;;5;5;5;Immature;new;new;;;
2;C;0;50;C2;20;10;no tag;2024;new;7;7;27;67;;5;;5;5;5;Immature;new;new;;;
2;C;0;50;C3;20;20;no tag;2024;new;2.5;7;22.5;77;;5;;5;5;5;Immature;new;new;;;
2;C;0;50;C3;20;20;no tag;2024;new;2.5;8;22.5;78;;5;;5;5;5;Immature;new;new;;;
2;C;0;50;C3;20;20;no tag;2024;new;1.5;10;21.5;80;;5;;5;5;5;Immature;new;new;;;
2;C;0;50;C3;20;20;no tag;2024;new;7;7.5;27;77.5;;5;;5;5;5;Immature;new;new;;;
2;C;0;50;C3;20;20;no tag;2024;new;7;9.5;27;79.5;;5;;5;5;5;Immature;new;new;;;
2;C;0;50;C5;20;40;no tag;2024;new;2;1.5;22;91.5;;5;;5;5;5;Immature;new;new;;;
2;C;0;50;C5;20;40;no tag;2024;new;4;3.5;24;93.5;;15;;5;5;5;Immature;new;new;;;
2;C;0;50;D1;30;0;no tag;2024;new;5.5;4;35.5;54;;5;;5;5;5;Immature;new;new;;;
2;C;0;50;D1;30;0;no tag;2024;new;6.5;6.5;36.5;56.5;;5;;5;5;5;Immature;new;new;;;
2;C;0;50;D1;30;0;no tag;2024;new;7;3;37;53;;5;;5;5;5;Immature;new;new;;;
2;C;0;50;D2;30;10;no tag;2024;new;9.5;7;39.5;67;;5;;5;5;5;Immature;new;new;;;
2;C;0;50;D3;30;20;no tag;2024;new;7;7;37;77;;5;;5;5;5;Immature;new;new;;;
2;C;0;50;D3;30;20;no tag;2024;new;7;7;37;77;;5;;5;5;5;Immature;new;new;;;
2;C;0;50;D3;30;20;no tag;2024;new;7;7;37;77;;5;;5;5;5;Immature;new;new;;;
2;C;0;50;D3;30;20;no tag;2024;new;7;7;37;77;;5;;5;5;5;Immature;new;new;;;
2;C;0;50;D4;30;30;no tag;2024;new;5.5;6.5;35.5;86.5;;5;;5;5;5;Immature;new;new;;;
2;C;0;50;D4;30;30;no tag;2024;new;10;2.5;40;82.5;;5;;5;5;5;Immature;new;new;;;
2;C;0;50;D5;30;40;no tag;2024;new;2.5;7.5;32.5;97.5;;5;;5;5;5;Immature;new;new;;;
2;C;0;50;D5;30;40;no tag;2024;new;2.5;7.5;32.5;97.5;;5;;5;5;5;Immature;new;new;;;
2;C;0;50;D5;30;40;no tag;2024;new;2.5;8;32.5;98;;5;;5;5;5;Immature;new;new;;;
2;C;0;50;E2;40;10;no tag;2024;new;6;8;46;68;;5;;5;5;5;Immature;new;new;;;
2;C;0;50;E3;40;20;no tag;2024;new;2;4;42;74;;5;;5;5;5;Immature;new;new;;;
2;C;0;50;E3;40;20;no tag;2024;new;6.5;4.5;46.5;74.5;;5;;5;5;5;Immature;new;new;;;
2;C;0;50;E3;40;20;no tag;2024;new;8;4.5;48;74.5;;5;;5;5;5;Immature;new;new;;;
2;C;0;50;E3;40;20;no tag;2024;new;4;10;44;80;;5;;5;5;5;Immature;new;new;;;
2;C;0;50;E3;40;20;no tag;2024;new;5;10;45;80;;5;;5;5;5;Immature;new;new;;;
2;C;0;50;E3;40;20;no tag;2024;new;10;8;50;78;;5;;15;5;5;Immature;new;new;;;
2;C;0;50;E4;40;30;no tag;2024;new;7;3.5;47;83.5;;5;;5;5;5;Immature;new;new;;;
2;C;0;50;E5;40;40;no tag;2024;new;1;2.5;41;92.5;;5;;5;5;5;Immature;new;new;;;
2;D;50;50;A2;30;0;no tag;2024;new;0.5;5;80.5;55;;5;;5;5;5;Immature;new;new;;;
2;D;50;50;A2;30;0;no tag;2024;new;4.5;1;84.5;51;;5;;5;5;5;Immature;new;new;;;
2;D;50;50;A2;30;0;no tag;2024;new;3.5;4.5;83.5;54.5;;5;;5;5;5;Immature;new;new;;;
2;D;50;50;A2;30;0;no tag;2024;new;3.5;4.5;83.5;54.5;;10;;5;5;5;Immature;new;new;;;
2;D;50;50;A2;30;0;no tag;2024;new;3;1;83;51;;5;;5;5;5;Immature;new;new;;;
2;D;50;50;A3;20;0;no tag;2024;new;1;9.5;71;59.5;;5;;5;5;5;Immature;new;new;;;
2;D;50;50;A4;10;0;no tag;2024;new;0.5;5.5;60.5;55.5;;5;;5;5;5;Immature;new;new;;;
2;D;50;50;A4;10;0;no tag;2024;new;1;6.5;61;56.5;;5;;5;5;5;Immature;new;new;;;
2;D;50;50;A5;0;0;no tag;2024;new;4.5;4;54.5;54;;5;;17;5;5;Immature;new;new;;;
2;D;50;50;A5;0;0;2980;2024;new;4.5;8;54.5;58;;5;;20;21;23;Reprodutivo;new;new;;Indivíduo grande, possivelmente de anos anteriores que não foi detectado.;
2;D;50;50;B2;30;10;no tag;2024;new;4;4.5;84;64.5;;5;;14;5;5;Immature;new;new;;Status não registrado. Provavelmente Immature;
2;D;50;50;B2;30;10;no tag;2024;new;6.5;9;86.5;69;;5;;5;5;5;Immature;new;new;;;
2;D;50;50;B2;30;10;no tag;2024;new;6.5;9;86.5;69;;5;;5;5;5;Immature;new;new;;;
2;D;50;50;B3;20;10;no tag;2024;new;1;3;71;63;;5;;5;5;5;Immature;new;new;;;
2;D;50;50;B4;10;10;no tag;2024;new;5.5;4.5;65.5;64.5;;5;;5;5;5;Immature;new;new;;;
2;D;50;50;B5;0;10;no tag;2024;new;7;1;57;61;;5;;5;5;5;Immature;new;new;;;
2;D;50;50;B5;0;10;no tag;2024;new;7;1;57;61;;5;;5;5;5;Immature;new;new;;;
2;D;50;50;B5;0;10;no tag;2024;new;7;1;57;61;;5;;5;5;5;Immature;new;new;;;
2;D;50;50;B5;0;10;no tag;2024;new;7;1;57;61;;5;;5;5;5;Immature;new;new;;;
2;D;50;50;C5;0;20;no tag;2024;new;3;2.5;53;72.5;;5;;9;5;5;Reprodutivo;new;new;;;
2;D;50;50;C5;0;20;no tag;2024;new;2.5;4.5;52.5;74.5;;5;;5;5;5;Reprodutivo;new;new;;;
2;D;50;50;C5;0;20;no tag;2024;new;5;5;55;75;;5;;5;5;5;Immature;new;new;;;
2;D;50;50;C2;30;20;no tag;2024;new;0.5;8;80.5;78;;5;;5;5;5;Immature;new;new;;;
2;D;50;50;D1;40;30;no tag;2024;new;4.5;7;94.5;87;;5;;5;5;5;Immature;new;new;;;
2;D;50;50;D3;20;30;no tag;2024;new;2;7.5;72;87.5;;5;;5;5;5;Immature;new;new;;;
2;D;50;50;E3;20;40;no tag;2024;new;5.5;5;75.5;95;;5;;5;5;5;Immature;new;new;;;
2;D;50;50;E4;10;40;no tag;2024;new;7.5;5;67.5;95;;5;;5;5;5;Immature;new;new;;;
3;A;0;0;A1;40;40;no tag;2023;Immature;5;5;45;45;9.1;5.2;5;19;5;5;dead;I_dead;old;;;
3;A;0;0;B4;30;10;no tag;2023;Immature;9;9.5;39;19.5;6.4;6.8;9.2;11;6;8;Immature;I_live;old;;;
3;A;0;0;D1;10;40;no tag;2022;immature;1.5;6;11.5;46;25.4;20.7;16.8;23;10;9;dead;I_dead;old;;;adulto no tag, ano passado
3;B;50;0;A3;20;40;2051;2022;dead;3.5;8;73.5;48;29.7;30.8;24.7;;;;dead;new;new;;Retirou a tag;
3;B;50;0;A5;40;40;2050;2022;dead;1;2.5;91;42.5;5;5;5;;;;dead;new;new;;Tag mantida;
3;B;50;0;A5;40;40;2055;2022;immature;6;9;96;49;18.9;22.1;15.7;25;14;30;Immature;I_live;old;;;
3;B;50;0;A5;40;40;no tag;2023;Immature;3;5;93;45;6;5;5;;;;dead;I_dead;old;;;
3;B;50;0;B1;0;30;no tag;2023;Immature;2;5.5;52;35.5;5;5;5;;;;dead;I_dead;old;;;
3;B;50;0;D5;40;10;no tag;2023;Reprodutivo;1;5;91;15;21;11.5;17.7;;;;dead;R_dead;old;;;
3;B;50;0;E3;20;0;no tag;2023;Immature;1.5;3.5;71.5;3.5;13.4;7.6;6.8;;;;dead;I_dead;old;;;
3;B;50;0;E3;20;0;no tag;2023;Immature;2;4;72;4;10.3;8.7;6.9;;;;dead;I_dead;old;;;
3;B;50;0;E4;10;0;2049;2022;Reprodutivo;7;1.5;67;1.5;34.2;98.1;85.9;30;69;91;dead;R_dead;old;;;
3;C;0;50;A2;0;10;2054;2022;dead;7.5;9.5;7.5;69.5;na;na;na;;;;dead;new;new;;Já sem tag;
3;C;0;50;E1;40;0;no tag;2023;Immature;7;8;47;58;5;5;5;5;5;5;dead;I_dead;old;;;
3;D;50;50;A3;20;0;2061;2022;dead;9;2;79;52;na;na;na;;;;dead;new;new;;;
3;D;50;50;A3;20;0;2058;2022;dead;1;5;71;55;20.2;28.6;41.1;;;;dead;new;new;;Retirou a tag;
3;D;50;50;A3;20;0;no tag;2023;Reprodutivo;1.5;3.5;71.5;53.5;6.8;5;5;5;5;5;Immature;R_live;old;;;
3;D;50;50;B1;40;10;2056;2022;Immature;9;1;99;61;25.3;29.4;42.6;46;23;44;Reprodutivo;I_live;old;;Com botão;
3;D;50;50;B3;20;10;no tag;2023;Reprodutivo;2;5;72;65;9.8;5;5;;;;dead;R_dead;old;;;
3;D;50;50;D3;20;30;2057;2022;Reprodutivo;4.5;2;74.5;82;34.6;28.4;37.4;35;20;12;dead;R_dead;old;;;
3;D;50;50;D4;10;30;no tag;2023;Reprodutivo;7.5;5;67.5;85;12.7;5;5;;;;dead;R_dead;old;;;
3;D;50;50;D4;10;30;no tag;2023;Reprodutivo;8;5;68;85;22.1;6.6;5.5;;;;dead;R_dead;old;;;
3;D;50;50;D4;10;30;no tag;2023;Reprodutivo;8.5;5.5;68.5;85.5;13.4;5;5;;;;dead;R_dead;old;;;
3;D;50;50;D4;10;30;no tag;2023;Reprodutivo;10;8;70;88;20.2;6.2;5.7;12;5;5;Reprodutivo;R_live;old;;;
3;D;50;50;E4;0;30;2059;2022;Reprodutivo;2;6;52;86;40.5;42.9;37.1;21;24;26;dead;R_dead;old;;;
3;D;50;50;E5;0;40;2060;2022;Reprodutivo;5;5;55;95;32.8;77.8;115.7;;;;dead;R_dead;old;;Retirou a tag;
3;A;0;0;A5;40;0;no tag;2024;new;4.5;7.5;44.5;7.5;;5;;15;5;5;Immature;new;new;;;
3;A;0;0;B4;30;10;no tag;2024;new;6;6;36;16;;5;;7;5;5;Immature;new;new;;;
3;A;0;0;C4;20;10;no tag;2024;new;3.5;0.5;23.5;10.5;;5;;5;5;5;Immature;new;new;;;
3;A;0;0;C5;20;0;no tag;2024;new;2.5;2.5;22.5;2.5;;5;;5;5;5;Immature;new;new;;;
3;C;0;50;A2;0;10;no tag;2024;new;5.5;9.5;5.5;69.5;;5;;5;5;5;Immature;new;new;;;
3;D;50;50;B1;40;10;no tag;2024;new;7.7;4;97.7;64;;5;;15;5;5;Immature;new;new;;;
3;D;50;50;B5;0;10;no tag;2024;new;10;5;60;65;;5;;5;5;5;Immature;new;new;;;
3;D;50;50;C1;40;20;no tag;2024;new;8;5.5;98;75.5;;5;;5;5;5;Immature;new;new;;;
3;D;50;50;C4;10;20;no tag;2024;new;7.5;5.5;67.5;75.5;;5;;15;5;5;Immature;new;new;;;
3;D;50;50;C4;10;20;no tag;2024;new;2;5;62;75;;5;;23;5;5;Immature;new;new;;;
3;D;50;50;C5;0;20;no tag;2024;new;2;7;52;77;;5;;5;5;5;Immature;new;new;;;
3;D;50;50;D2;30;30;no tag;2024;new;5;10;85;90;;5;;17;5;5;Immature;new;new;;;
3;D;50;50;D4;10;30;no tag;2024;new;8;5;68;85;;5;;5;5;5;Immature;new;new;;;
3;D;50;50;D4;10;30;no tag;2024;new;8;5.5;68;85.5;;5;;5;5;5;Immature;new;new;;;
3;D;50;50;D4;10;30;no tag;2024;new;10;5;70;85;;5;;5;5;5;Immature;new;new;;;
3;D;50;50;E5;0;40;no tag;2024;new;2.5;5;52.5;95;;5;;7;5;5;Immature;new;new;;;
3;D;50;50;E5;0;40;no tag;2024;new;5;5.5;55;95.5;;5;;5;5;5;Immature;new;new;;;
3;D;50;50;E5;0;40;no tag;2024;new;5;5.5;55;95.5;;5;;5;5;5;Immature;new;new;;;
3;D;50;50;E5;0;40;no tag;2024;new;5;4.5;55;94.5;;5;;5;5;5;Immature;new;new;;;
4;A;0;0;A3;40;20;2093;2022;dead;4.5;4;44.5;24;17.2;13.3;10.6;;;;dead;new;new;;;
4;A;0;0;C1;20;40;2095;2022;dead;8;6;28;46;na;na;na;;;;dead;new;new;;;
4;A;0;0;E2;0;30;2098;2022;immature;10;1.5;10;31.5;25.9;44.7;52.5;;;;dead;I_dead;old;;Tiramos tag?;
4;B;50;0;A2;10;40;2076;2022;Reprodutivo;7.5;8.5;67.5;48.5;22.4;19.9;23.1;;;;dead;R_dead;old;;Tirou tag?;
4;B;50;0;A2;10;40;no tag;2023;Immature;7;9.5;67;49.5;5;5;5;;;;dead;I_dead;old;;;
4;B;50;0;A2;10;40;no tag;2023;Immature;7;9.5;67;49.5;5;5;5;;;;dead;I_dead;old;;;
4;B;50;0;A4;30;40;2071;2022;Reprodutivo;8;0.5;88;40.5;22.9;18.1;28.7;;;;dead;R_dead;old;;Tirou tag;
4;B;50;0;A4;30;40;2072;2022;Reprodutivo;4.5;3;84.5;43;17.8;36.9;32.4;;;;dead;R_dead;old;;;
4;B;50;0;A5;40;40;no tag;2023;Immature;1.5;8;91.5;48;13.9;8.2;6.9;;;;dead;I_dead;old;;;
4;B;50;0;A5;40;40;no tag;2023;Immature;8;2;98;42;7.8;15.5;12;;;;dead;I_dead;old;;;
4;B;50;0;B2;10;30;2075;2022;dead;0.5;5.5;60.5;35.5;na;na;na;;;;dead;new;new;;Tirou tag;
4;B;50;0;B2;10;30;2070;2022;Reprodutivo;4.5;9;64.5;39;16.6;23.5;23.2;30;35;25;Reprodutivo;R_live;old;;;
4;B;50;0;C3;20;20;2069;2022;dead;1;8.5;71;28.5;26.3;8.1;28.7;;;;dead;new;new;;Tirou tag;
4;B;50;0;C5;40;20;2073;2022;dead;na;na;#VALOR!;#VALOR!;na;na;na;;;;dead;new;new;;Tirou tag;
4;B;50;0;C5;40;20;2074;2022;Reprodutivo;5.5;7.5;95.5;27.5;19;18.9;15.2;;;;dead;R_dead;old;;Tirou tag?;
4;B;50;0;D3;20;10;2067;2022;dead;5;4.5;75;14.5;na;na;na;;;;dead;new;new;;Tirou tag;
4;B;50;0;D5;40;10;2068;2022;dead;1.5;2.5;91.5;12.5;24.7;86.4;32;;;;dead;new;new;;Tirou tag;
4;B;50;0;E2;10;0;2066;2022;dead;2.5;9;62.5;9;10;20.5;10.5;;;;dead;new;new;;Tirou tag;
4;C;0;50;A1;0;0;2082;2022;Reprodutivo;4;8;4;58;16.6;8.6;7.4;;;;dead;R_dead;old;;;
4;C;0;50;A2;0;10;2083;2022;immature;2;4;2;64;14.6;21.9;31.7;;;;dead;I_dead;old;;Tirou tag;
4;C;0;50;A3;0;20;no tag;2023;Immature;5.5;6;5.5;76;9.2;5.2;5;;;;dead;I_dead;old;;;
4;C;0;50;A4;0;30;2080;2022;dead;6;5.5;6;85.5;22.5;11;14.9;;;;dead;new;new;;;
4;C;0;50;A4;0;30;2081;2022;dead;3;4;3;84;12.9;36.7;41.4;;;;dead;new;new;;Tirou tag;
4;C;0;50;B2;10;10;2079;2022;dead;4;7.5;14;67.5;25.7;67;49.9;;;;dead;new;new;;Tirou tag;
4;C;0;50;C3;20;20;2078;2022;Reprodutivo;9.5;1.5;29.5;71.5;8.4;8.1;9.7;;;;dead;R_dead;old;;Tirou tag;
4;C;0;50;E3;40;20;2077;2022;immature;8;1;48;71;12.9;5;8.8;;;;dead;I_dead;old;;Tirou tag;
4;D;50;50;A1;40;0;no tag;2023;Immature;3;3;93;53;7.1;5;5;;;;dead;I_dead;old;;;
4;D;50;50;A4;10;0;2092;2022;Reprodutivo;5;5;65;55;14.5;37.2;42;;;;dead;R_dead;old;;;
4;D;50;50;B4;10;10;no tag;2023;Immature;6;8.5;66;68.5;5;5;5;;;;dead;I_dead;old;;;
4;D;50;50;C3;20;20;2087;2022;Reprodutivo;10;9;80;79;30.5;41.8;41;;;;dead;R_dead;old;;Tirou tag;
4;D;50;50;C4;10;20;2089;2022;dead;2.5;9;62.5;79;20.2;5;5;;;;dead;new;new;;Tirou tag;
4;D;50;50;D1;40;30;2085;2022;Reprodutivo;6.5;7;96.5;87;32.4;37.6;40.3;;;;dead;R_dead;old;;Tirou tag;
4;D;50;50;D3;20;30;2086;2022;Reprodutivo;5;7.5;75;87.5;48.8;112.4;121.6;;;;dead;R_dead;old;;Tirou tag;
4;D;50;50;D4;10;30;no tag;2023;Immature;9;9.5;69;89.5;5;5;5;;;;dead;I_dead;old;;;
4;D;50;50;D4;10;30;no tag;2023;Immature;9;9.5;69;89.5;5;5;5;;;;dead;I_dead;old;;;
4;D;50;50;D4;10;30;no tag;2023;Immature;9;9.5;69;89.5;5;5;5;;;;dead;I_dead;old;;;
4;D;50;50;E1;40;40;2084;2022;Reprodutivo;0;3;90;93;31;40.1;70;;;;dead;R_dead;old;;;
4;D;50;50;E1;40;40;no tag;2023;Immature;3;0.5;93;90.5;9.6;5;5;;;;dead;I_dead;old;;;
4;D;50;50;E1;40;40;no tag;2023;Immature;3;0.5;93;90.5;9.6;5;5;;;;dead;I_dead;old;;;
4;D;50;50;E1;40;40;no tag;2023;Immature;3;0.5;93;90.5;9.6;5;5;;;;dead;I_dead;old;;;
4;D;50;50;E1;40;40;no tag;2023;Immature;3;0.5;93;90.5;9.6;5;5;;;;dead;I_dead;old;;;
4;D;50;50;E1;40;40;no tag;2023;Immature;3;0.5;93;90.5;9.6;5;5;;;;dead;I_dead;old;;;
4;D;50;50;E1;40;40;no tag;2023;Immature;4.5;2;94.5;92;6.8;5;5;;;;dead;I_dead;old;;;
4;D;50;50;E1;40;40;no tag;2023;Immature;4.5;2;94.5;92;5;5;5;;;;dead;I_dead;old;;;
4;D;50;50;E1;40;40;no tag;2023;Reprodutivo;4.5;2;94.5;92;14.2;7.1;7.2;;;;dead;R_dead;old;;;
4;D;50;50;E1;40;40;no tag;2023;Reprodutivo;4.5;2;94.5;92;7.5;5;5;;;;dead;R_dead;old;;;
4;D;50;50;E4;10;40;no tag;2023;Immature;3;7;63;97;5;5;5;;;;dead;I_dead;old;;;
4;D;50;50;E4;10;40;no tag;2023;dead;3;7;63;97;na;na;na;;;;dead;new;new;;;
4;D;50;50;E5;0;40;no tag;2023;Reprodutivo;9;7.5;59;97.5;8;5;5;;;;dead;R_dead;old;;;
4;D;50;50;E5;0;40;2088;2022;Reprodutivo;8;5;58;95;32.9;32.4;51.9;;;;dead;R_dead;old;;;
4;A;0;0;B1;30;40;No tag;2024;new;9;2;39;42;;;;5;5;5;Immature;new;new;;;
4;A;0;0;C1;20;40;No tag;2024;new;1;1;21;41;;;;5;5;5;Immature;new;new;;;
4;A;0;0;C1;20;40;No tag;2024;new;9;6;29;46;;;;10;12;13;Immature;new;new;;;
4;B;50;0;A2;10;40;No tag;2024;new;2.5;7;62.5;47;;;;5;5;5;Immature;new;new;;;
4;B;50;0;D4;30;10;No tag;2024;new;0.5;2.5;80.5;12.5;;;;5;5;5;Immature;new;new;;;
4;C;0;50;A2;0;10;No tag;2024;new;0;0.5;0;60.5;;;;5;5;5;Immature;new;new;;;
4;C;0;50;A4;0;30;No tag;2024;new;4;6;4;86;;;;5;5;5;Immature;new;new;;;
4;C;0;50;A4;0;30;No tag;2024;new;4.5;6;4.5;86;;;;5;5;5;Immature;new;new;;;
4;C;0;50;A4;0;30;No tag;2024;new;8;3.5;8;83.5;;;;5;5;5;Immature;new;new;;;
4;C;0;50;A5;0;40;No tag;2024;new;4;3;4;93;;;;5;5;5;Immature;new;new;;;
4;C;0;50;A3;0;20;No tag;2024;new;3;2.5;3;72.5;;;;5;5;5;Immature;new;new;;;
4;C;0;50;A4;0;30;No tag;2024;new;3;5.5;3;85.5;;;;5;5;5;Immature;new;new;;;
4;C;0;50;B5;10;40;No tag;2024;new;3;7;13;97;;;;5;5;5;Immature;new;new;;;
4;C;0;50;D1;30;0;No tag;2024;new;7.5;10;37.5;60;;;;5;5;5;Immature;new;new;;;
4;C;0;50;E1;40;0;No tag;2024;new;2;3.5;42;53.5;;;;5;5;5;Immature;new;new;;;
5;A;0;0;A1;40;40;2118;2022;dead;0.5;8;40.5;48;39;60.9;51.7;;;;dead;new;new;;Retirou tag;
5;A;0;0;A1;40;40;2117;2022;dead;6;1.5;46;41.5;28.2;47.7;40.9;;;;dead;new;new;;Retirou tag;
5;A;0;0;A3;40;20;2116;2022;Reprodutivo;8;4;48;24;526.5;35.5;43.8;27;45;33;Reprodutivo;R_live;old;;;
5;A;0;0;A5;40;0;2119;2022;dead;1.5;0.5;41.5;0.5;27.3;46;55.5;;;;dead;new;new;;Retirou tag;
5;A;0;0;B1;30;40;2099;2022;dead;8;0;38;40;na;na;na;;;;dead;new;new;;Retirou tag;
5;A;0;0;B1;30;40;no tag;2023;dead;5.5;2;35.5;42;na;na;na;;;;dead;new;new;;;
5;A;0;0;B1;30;40;no tag;2023;Reprodutivo;5.5;2;35.5;42;5.5;5;5;;;;dead;R_dead;old;;;
5;A;0;0;B3;30;20;2115;2022;dead;0.5;0.5;30.5;20.5;na;na;na;;;;dead;new;new;;Retirou tag;
5;A;0;0;B4;30;10;no tag;2023;Reprodutivo;2;2.5;32;12.5;16;9.7;10.1;;;;dead;R_dead;old;;;
5;A;0;0;B5;30;0;2110;2022;Reprodutivo;6;0.5;36;0.5;37;65.7;57.7;37;66;35;Reprodutivo;R_live;old;;;
5;A;0;0;B5;30;0;2111;2022;dead;9;0;39;0;na;na;na;;;;dead;new;new;;Retirou tag;
5;A;0;0;B5;30;0;2113/2114;2022;Reprodutivo;2;5;32;5;37.5;62;29.1;;;;dead;R_dead;old;;;
5;A;0;0;B5;30;0;no tag;2023;Reprodutivo;9.5;2.5;39.5;2.5;18.2;5;5;;;;dead;R_dead;old;;;
5;A;0;0;C2;20;30;2100;2022;Reprodutivo;2;8.5;22;38.5;15;11.1;9.1;;;;dead;R_dead;old;;Retirou tag;
5;A;0;0;C4;20;10;2109;2022;Reprodutivo;4;9.5;24;19.5;31;21.5;22.7;;;;dead;R_dead;old;;Retirou tag;
5;A;0;0;C5;20;0;2108;2022;Reprodutivo;8;1;28;1;43.2;37;73.4;30;45;62;Reprodutivo;R_live;old;;;
5;A;0;0;D4;10;10;2104;2022;dead;5;6.5;15;16.5;37.3;18.4;18.5;;;;dead;new;new;;Retirou tag;
5;A;0;0;D5;10;0;2107;2022;dead;2;1;12;1;19.3;11;8.2;;;;dead;new;new;;Retirou tag;
5;A;0;0;E2;0;30;2102;2022;dead;4;5.5;4;35.5;15;7.1;6.8;;;;dead;new;new;;Tag desse indivíduo foi reutlizada em 2023 para marcar um indivíduo fora da parcela próximo de p3;
5;A;0;0;E3;0;20;2105;2022;dead;6.5;7.5;6.5;27.5;na;na;na;;;;dead;new;new;;Retirou tag;
5;A;0;0;E3;0;20;2103;2022;dead;1.5;6.5;1.5;26.5;26.9;9.6;5;;;;dead;new;new;;Retirou tag;
5;A;0;0;E3;0;20;no tag;2023;Immature;4;1;4;21;5;5;5;;;;dead;I_dead;old;;;
5;A;0;0;E3;0;20;no tag;2023;Immature;5.5;1;5.5;21;5;5;5;;;;dead;I_dead;old;;;
5;A;0;0;E5;0;0;2106;2022;dead;3;4.5;3;4.5;3;47.2;62.8;;;;dead;new;new;;Retirou tag;
5;B;50;0;A1;0;40;no tag;2023;Immature;7.5;5;57.5;45;5;5;5;;;;dead;I_dead;old;;;
5;B;50;0;A4;30;40;no tag;2023;dead;0;8;80;48;na;na;na;;;;dead;new;new;;;
5;B;50;0;A5;40;40;no tag;2023;Immature;0.5;8;90.5;48;5;5;5;;;;dead;I_dead;old;;;
5;B;50;0;B1;0;30;no tag;2023;Reprodutivo;4;5;54;35;14.9;10.1;10;;;;dead;R_dead;old;;;
5;B;50;0;B4;30;30;no tag;2023;dead;4.5;6.5;84.5;36.5;na;na;na;;;;dead;new;new;;;
5;B;50;0;B4;30;30;no tag;2023;Immature;4.5;6.5;84.5;36.5;5;5;5;;;;dead;I_dead;old;;;
5;B;50;0;B4;30;30;no tag;2023;Immature;4.5;6.5;84.5;36.5;5;5;5;;;;dead;I_dead;old;;;
5;B;50;0;C1;0;20;2121;2022;dead;5.5;7;55.5;27;na;na;na;;;;dead;new;new;;Retirou tag;
5;B;50;0;D2;10;10;2124;2022;dead;3;8.5;63;18.5;na;na;na;;;;dead;new;new;;Retirou tag;
5;B;50;0;D2;10;10;no tag;2023;Reprodutivo;1;7;61;17;15.1;11.1;9.1;;;;dead;R_dead;old;;;
5;B;50;0;D3;20;10;2122;2022;dead;1.5;6.5;71.5;16.5;28.3;42.1;54;;;;dead;new;new;;;
5;B;50;0;D3;20;10;no tag;2023;Immature;3;8;73;18;5;5;5;;;;dead;I_dead;old;;;
5;B;50;0;D4;30;10;no tag;2023;dead;6.5;9;86.5;19;na;na;na;;;;dead;new;new;;;
5;B;50;0;D5;40;10;2123;2022;dead;5;3.5;95;13.5;29.2;26.7;23.8;;;;dead;new;new;;Retirou tag;
5;B;50;0;D5;40;10;no tag;2023;Immature;3;3;93;13;5;5;5;;;;dead;I_dead;old;;Retirou tag;
5;B;50;0;E1;0;0;2120;2022;Reprodutivo;6;0.5;56;0.5;36.6;23.3;30;36;25;31;Reprodutivo;R_live;old;;;
5;B;50;0;E5;40;0;no tag;2023;dead;6;1.5;96;1.5;na;na;na;;;;dead;new;new;;;
5;B;50;0;E5;40;0;no tag;2023;Immature;0.5;5;90.5;5;5;5;5;;;;dead;I_dead;old;;;
5;C;0;50;A1;0;0;2132;2022;dead;5;9;5;59;na;na;na;;;;dead;new;new;;No tag;
5;C;0;50;A1;0;0;2874;2023;Reprodutivo;9;8;9;58;10.9;7.1;5;17;21;12;Reprodutivo;R_live;old;;Ganhou tag;
5;C;0;50;A1;0;0;no tag;2023;Reprodutivo;9;8;9;58;10.9;7.1;5;;;;dead;R_dead;old;;;
5;C;0;50;A1;0;0;no tag;2023;Reprodutivo;9;8;9;58;10.9;7.1;5;;;;dead;R_dead;old;;;
5;C;0;50;A1;0;0;no tag;2023;Reprodutivo;9;8;9;58;10.9;7.1;5;;;;dead;R_dead;old;;;
5;C;0;50;A1;0;0;no tag;2023;Reprodutivo;9;8;9;58;10.9;7.1;5;;;;dead;R_dead;old;;;
5;C;0;50;A1;0;0;no tag;2023;Reprodutivo;9;8;9;58;10.9;7.1;5;;;;dead;R_dead;old;;;
5;C;0;50;A1;0;0;no tag;2023;Reprodutivo;7;8;7;58;10.1;7;5;;;;dead;R_dead;old;;;
5;C;0;50;A2;0;10;2131;2022;dead;10;4.5;10;64.5;na;na;na;;;;dead;new;new;;Retirou tag;
5;C;0;50;A2;0;10;2129;2022;Reprodutivo;7;10;7;70;47;64.7;79.5;;;;dead;R_dead;old;;;
5;C;0;50;A2;0;10;no tag;2023;Reprodutivo;7;3.5;7;63.5;11;5;5;;;;dead;R_dead;old;;;
5;C;0;50;A4;0;30;no tag;2023;Reprodutivo;9;6;9;86;9.3;5;5;15;10;10;Immature;R_live;old;;;
5;C;0;50;A4;0;30;no tag;2023;Reprodutivo;8;8;8;88;10.1;5;5;15;11;8;Reprodutivo;R_live;old;;;
5;C;0;50;B4;10;30;2065;2022;dead;6.5;8.5;16.5;88.5;na;na;na;;;;dead;new;new;;Retirou tag;
5;C;0;50;C1;20;0;2128;2022;Reprodutivo;8;1;28;51;10.9;17.5;11.8;;;;dead;R_dead;old;;Retirou tag;
5;C;0;50;C1;20;0;no tag;2023;Reprodutivo;6.5;4.5;26.5;54.5;7.4;5;5;;;;dead;R_dead;old;;;
5;C;0;50;C1;20;0;no tag;2023;Immature;6.5;4.5;26.5;54.5;9.2;5.5;7;;;;dead;I_dead;old;;;
5;C;0;50;C2;20;10;2127;2022;dead;1;7;21;67;12;10.4;8;;;;dead;new;new;;Retirou tag;
5;C;0;50;C2;20;10;2130;2022;dead;1;3;21;63;13.4;19.6;9.6;;;;dead;new;new;;Retirou tag;
5;C;0;50;C2;20;10;no tag;2022;Reprodutivo;9;2;29;62;15.8;14;16.8;5;12;7;dead;R_dead;old;;Com rebrota?;
5;C;0;50;C2;20;10;no tag;2023;Immature;6.5;3.5;26.5;63.5;5;5;5;;;;dead;I_dead;old;;;
5;C;0;50;C3;20;20;no tag;2023;Immature;7;10;27;80;5;5;5;;;;dead;I_dead;old;;;
5;C;0;50;C4;20;30;2126;2022;Reprodutivo;9;9;29;89;16.1;13.6;9.3;;;;dead;R_dead;old;;Retirou tag;
5;C;0;50;C4;20;30;no tag;2023;Immature;8;1;28;81;11.4;5.5;5;;;;dead;I_dead;old;;;
5;C;0;50;C4;20;30;no tag;2023;Immature;7;1.5;27;81.5;5.7;5;5;;;;dead;I_dead;old;;;
5;C;0;50;C5;20;40;2125;2022;Reprodutivo;6.5;5.5;26.5;95.5;40.9;66.8;59.5;46;75;65;Reprodutivo;R_live;old;;;
5;C;0;50;C5;20;40;no tag;2023;Reprodutivo;2.5;6;22.5;96;13.8;12.7;15.9;;;;dead;R_dead;old;;;
5;C;0;50;D1;30;0;no tag;2023;Reprodutivo;4;1;34;51;14.8;6.8;8.9;;;;dead;R_dead;old;;;
5;C;0;50;D2;30;10;no tag;2023;Reprodutivo;5.5;5;35.5;65;13.7;5.8;5.7;;;;dead;R_dead;old;;;
5;C;0;50;D2;30;10;no tag;2023;Immature;3;3;33;63;5;5;5;;;;dead;I_dead;old;;;
5;C;0;50;D2;30;10;no tag;2023;Immature;4;9.5;34;69.5;5;5;5;;;;dead;I_dead;old;;;
5;C;0;50;D3;30;20;no tag;2023;Reprodutivo;7.5;8;37.5;78;20.3;5;5;;;;dead;R_dead;old;;;
5;C;0;50;D3;30;20;no tag;2023;Reprodutivo;7.5;8;37.5;78;20.3;5;5;;;;dead;R_dead;old;;;
5;C;0;50;D3;30;20;no tag;2023;Immature;7.5;8;37.5;78;5;5;5;;;;dead;I_dead;old;;;
5;C;0;50;D3;30;20;no tag;2023;dead;7.5;8;37.5;78;na;na;na;;;;dead;new;new;;;
5;C;0;50;E1;40;0;no tag;2023;Immature;3;5;43;55;13.9;5;5;;;;dead;I_dead;old;;;
5;C;0;50;E3;40;20;no tag;2023;Reprodutivo;3;4.5;43;74.5;17.6;7.3;6.5;;;;dead;R_dead;old;;;
5;C;0;50;E3;40;20;2133;2022;dead;7.5;5;47.5;75;46.3;59.3;47.9;;;;dead;new;new;;;
5;C;0;50;E3;40;20;no tag;2023;Immature;2;9;42;79;5;5;5;;;;dead;I_dead;old;;;
5;C;0;50;E3;40;20;no tag;2023;Reprodutivo;10;3;50;73;15;5;5;;;;dead;R_dead;old;;;
5;C;0;50;E3;40;20;no tag;2023;Reprodutivo;10;3.5;50;73.5;15;5;5;;;;dead;R_dead;old;;;
5;C;0;50;E5;40;40;no tag;2023;Immature;1.4;4.5;41.4;94.5;13.9;5.8;8.5;;;;dead;I_dead;old;;;
5;C;0;50;E5;40;40;no tag;2023;Immature;3;6;43;96;13;5;5;;;;dead;I_dead;old;;;
5;D;50;50;A1;40;0;2137;2022;dead;5;6;95;56;na;na;na;;;;dead;new;new;;;
5;D;50;50;A1;40;0;no tag;2023;Reprodutivo;1.5;3;91.5;53;14.8;5;5;;;;dead;R_dead;old;;;
5;D;50;50;A1;40;0;no tag;2023;Reprodutivo;1.5;3;91.5;53;14.8;5;5;5;5;5;Immature;R_live;old;;;
5;D;50;50;A1;40;0;no tag;2023;Immature;1.5;3;91.5;53;5;5;5;;;;dead;I_dead;old;;;
5;D;50;50;A2;30;0;2140;2022;dead;8;8;88;58;na;na;na;;;;dead;new;new;;;
5;D;50;50;B1;40;10;2138;2022;dead;6;5;96;65;na;na;na;;;;dead;new;new;;;
5;D;50;50;B2;30;10;no tag;2023;Immature;5.5;6.5;85.5;66.5;5;5;5;;;;dead;I_dead;old;;;
5;D;50;50;C1;40;20;2136;2022;Reprodutivo;5.5;2;95.5;72;24.2;21.7;20.4;20;26;24;Reprodutivo;R_live;old;;;
5;D;50;50;C2;30;20;no tag;2023;Immature;5.5;6.5;85.5;76.5;15.2;5.5;5;;;;dead;I_dead;old;;;
5;D;50;50;C3;20;20;2873;2022;Reprodutivo;6;6.5;76;76.5;31.6;16.3;14.7;31;20;26;Reprodutivo;R_live;old;;Ganhou nova tag(#2873);
5;D;50;50;D3;20;30;2134;2022;Reprodutivo;5;5.5;75;85.5;65.2;89.3;89.8;32;40;30;Reprodutivo;R_live;old;;;
5;D;50;50;E1;40;40;no tag;2023;Reprodutivo;4;1.5;94;91.5;6;5;5;;;;dead;R_dead;old;;;
5;D;50;50;E1;40;40;no tag;2023;Immature;1;7.5;91;97.5;5;5;5;;;;dead;I_dead;old;;;
5;D;50;50;E2;30;40;2139;2022;dead;10;4;90;94;21.6;58.9;53.7;;;;dead;new;new;;Tirou tag;
5;A;0;0;B5;30;0;no tag;2024;new;3;7;33;7;;;;5;5;5;Immature;new;new;;;
5;A;0;0;C2;20;30;no tag;2024;new;5;2.5;25;32.5;;;;5;5;5;Immature;new;new;;;
5;A;0;0;D2;10;30;no tag;2024;new;6;6;16;36;;;;5;5;5;Immature;new;new;;;
5;A;0;0;D2;10;30;no tag;2024;new;8;8.5;18;38.5;;;;5;5;5;Immature;new;new;;;
5;A;0;0;E3;0;20;no tag;2024;new;3;9;3;29;;;;5;5;5;Immature;new;new;;;
5;A;0;0;E3;0;20;no tag;2024;new;6;9;6;29;;;;15;10;12;Immature;new;new;;;
5;A;0;0;E4;0;10;no tag;2024;new;9;1.5;9;11.5;;;;13;14;12;Reprodutivo;new;new;;;
5;A;0;0;E5;0;0;no tag;2024;new;9;4.5;9;4.5;;;;5;5;5;Immature;new;new;;;
5;B;50;0;D3;20;10;no tag;2024;new;7;8.5;77;18.5;;;;5;5;5;Immature;new;new;;;
5;B;50;0;D5;40;10;no tag;2024;new;4;7;94;17;;;;5;5;5;Immature;new;new;;;
5;B;50;0;D5;40;10;no tag;2024;new;4;7.5;94;17.5;;;;5;5;5;Immature;new;new;;;
5;B;50;0;E1;0;0;no tag;2024;new;0;0;50;0;;;;5;5;5;Immature;new;new;;;
5;B;50;0;E5;40;0;no tag;2024;new;5;0.5;95;0.5;;;;5;5;5;Immature;new;new;;;
5;B;50;0;A2;10;40;no tag;2024;new;0;7;60;47;;;;5;5;5;Immature;new;new;;;
5;B;50;0;A4;30;40;no tag;2024;new;10;6;90;46;;;;5;5;5;Immature;new;new;;;
5;B;50;0;B5;40;30;no tag;2024;new;4;9;94;39;;;;5;5;5;Immature;new;new;;;
5;B;50;0;B4;30;30;no tag;2024;new;1.5;6;81.5;36;;;;5;5;5;Immature;new;new;;;
5;B;50;0;B4;30;30;no tag;2024;new;1.5;6;81.5;36;;;;5;5;5;Immature;new;new;;;
5;B;50;0;B4;30;30;no tag;2024;new;1.5;9;81.5;39;;;;5;5;5;Immature;new;new;;;
5;B;50;0;B3;20;30;no tag;2024;new;5;2;75;32;;;;5;5;5;Immature;new;new;;;
5;B;50;0;B2;10;30;no tag;2024;new;1;0;61;30;;;;5;5;5;Immature;new;new;;;
5;B;50;0;B2;10;30;no tag;2024;new;1;0.5;61;30.5;;;;5;5;5;Immature;new;new;;;
5;B;50;0;B2;10;30;no tag;2024;new;2;2;62;32;;;;5;5;5;Immature;new;new;;;
5;B;50;0;C1;0;20;no tag;2024;new;8;5;58;25;;;;5;5;5;Immature;new;new;;;
5;B;50;0;C2;10;20;no tag;2024;new;7;3.5;67;23.5;;;;5;5;5;Immature;new;new;;;
5;B;50;0;C2;10;20;no tag;2024;new;4;9.5;64;29.5;;;;5;5;5;Immature;new;new;;;
5;B;50;0;C2;10;20;no tag;2024;new;4;9;64;29;;;;5;5;5;Immature;new;new;;;
5;B;50;0;D2;10;10;no tag;2024;new;5.5;7;65.5;17;;;;5;5;5;Immature;new;new;;;
5;B;50;0;D3;20;10;no tag;2024;new;5.5;1.5;75.5;11.5;;;;5;5;5;Immature;new;new;;;
5;B;50;0;D3;20;10;no tag;2024;new;6.5;0.5;76.5;10.5;;;;5;5;5;Immature;new;new;;;
5;C;0;50;A1;0;0;no tag;2024;new;5;0;5;50;;;;5;5;5;Immature;new;new;;;
5;C;0;50;A1;0;0;no tag;2024;new;0;6;0;56;;;;5;5;5;Immature;new;new;;;
5;C;0;50;A1;0;0;no tag;2024;new;8.5;9;8.5;59;;;;5;5;5;Immature;new;new;;;
5;C;0;50;E1;40;0;no tag;2024;new;7;5.5;47;55.5;;;;5;5;5;Immature;new;new;;;
5;C;0;50;E2;40;10;no tag;2024;new;6;6.5;46;66.5;;;;5;5;5;Immature;new;new;;;
5;C;0;50;E2;40;10;no tag;2024;new;4;9;44;69;;;;5;5;5;Immature;new;new;;;
5;C;0;50;E3;40;20;no tag;2024;new;4;0;44;70;;;;5;5;5;Immature;new;new;;;
5;C;0;50;E3;40;20;no tag;2024;new;9;3;49;73;;;;5;5;5;Immature;new;new;;;
5;D;50;50;A1;40;0;no tag;2024;new;6;1;96;51;;;;5;5;5;Immature;new;new;;;
5;D;50;50;A1;40;0;no tag;2024;new;1.5;6;91.5;56;;;;5;5;5;Immature;new;new;;;
5;D;50;50;A3;20;0;no tag;2024;new;1.5;8;71.5;58;;;;5;5;5;Immature;new;new;;;
5;D;50;50;B1;40;10;no tag;2024;new;6.5;0.5;96.5;60.5;;;;5;5;5;Immature;new;new;;;
5;D;50;50;B1;40;10;no tag;2024;new;8;5;98;65;;;;5;5;5;Immature;new;new;;;
5;D;50;50;C1;40;20;no tag;2024;new;1;7.5;91;77.5;;;;5;5;5;Immature;new;new;;;
5;D;50;50;D4;10;30;no tag;2024;new;9;5.5;69;85.5;;;;5;5;5;Immature;new;new;;;
6;A;0;0;B2;30;30;2872;2023;Immature;9.5;0.5;39.5;30.5;13.5;11.3;9.3;20;15;11;Reprodutivo;I_live;old;;Ganhou tag (#2872);
6;A;0;0;C1;20;40;2143;2022;dead;2;4;22;44;na;na;na;;;;dead;new;new;;Retirou tag;
6;A;0;0;D4;10;10;no tag;2023;Immature;1;3;11;13;12.2;5;5;25;21;19;Reprodutivo;I_live;old;;;
6;A;0;0;D4;10;10;no tag;2023;Immature;3;9.8;13;19.8;13.8;5;5;;;;dead;I_dead;old;;;
6;A;0;0;D4;10;10;no tag;2023;Immature;3;9.8;13;19.8;13.8;5;5;;;;dead;I_dead;old;;;
6;A;0;0;D4;10;10;no tag;2023;Immature;5.5;8;15.5;18;5;5;5;;;;dead;I_dead;old;;;
6;A;0;0;E3;0;20;2142;2022;dead;3.5;9.5;3.5;29.5;28.4;32.3;18.5;;;;dead;new;new;;Retirou tag;
6;A;0;0;E3;0;20;no tag;2022;Reprodutivo;4;6;4;26;20.6;20.7;19.8;;;;dead;R_dead;old;;;
6;A;0;0;E4;0;10;no tag;2023;Immature;10;4;10;14;8.7;5;5;;;;dead;I_dead;old;;;
6;B;50;0;A5;40;40;2145;2022;Reprodutivo;8.5;4;98.5;44;28.7;22.7;19.7;;;;dead;R_dead;old;;Retirou tag;
6;B;50;0;B5;40;30;2144;2022;dead;2.5;1;92.5;31;na;na;na;;;;dead;new;new;;;
6;B;50;0;C4;30;20;no tag;2022;immature;1;8;81;28;26.2;21.4;19.3;;;;dead;I_dead;old;;;
6;B;50;0;D3;20;10;no tag;2023;Immature;1;6.5;71;16.5;6.1;5;5;;;;dead;I_dead;old;;;
6;C;0;50;B4;10;30;2150;2022;Reprodutivo;5;10;15;90;35.8;44.2;50;;;;dead;R_dead;old;;;
6;C;0;50;B4;10;30;2148;2022;dead;3;2.5;13;82.5;19;10.3;13.2;;;;dead;new;new;;;
6;C;0;50;B5;10;40;2866;2023;Immature;9;2;19;92;19.2;5;5;22;15;12;Reprodutivo;I_live;old;;Ganhou tag (#2866);
6;C;0;50;C1;20;0;no tag;2023;Immature;5.5;4;25.5;54;7.2;8.28;6.9;;;;dead;I_dead;old;;;
6;C;0;50;D1;30;0;2147;2022;dead;9;6;39;56;5;5;5;;;;dead;new;new;;;
6;C;0;50;D2;30;10;2149;2022;dead;5.5;6;35.5;66;12.9;9.5;19;;;;dead;new;new;;;
6;C;0;50;E2;40;10;2151;2022;dead;2;8;42;68;5;8.7;5.5;;;;dead;new;new;;;
6;C;0;50;E3;40;20;no tag;2022;Reprodutivo;10;3;50;73;21.6;16.2;15.4;;;;dead;R_dead;old;;;
6;D;50;50;C2;30;20;2152;2022;Reprodutivo;7;8.5;87;78.5;24.2;53.2;51.2;;;;dead;R_dead;old;;Retirou tag;
6;D;50;50;C2;30;20;2153;2022;Reprodutivo;1.5;4.5;81.5;74.5;21.6;32.4;35.1;;;;dead;R_dead;old;;Retirou tag;
6;D;50;50;C2;30;20;no tag;2023;Reprodutivo;4;4;84;74;14.3;5;5;;;;dead;R_dead;old;;;
6;D;50;50;C2;30;20;no tag;2023;Reprodutivo;4;4;84;74;14.3;5;5;;;;dead;R_dead;old;;;
6;D;50;50;C3;20;20;no tag;2023;Immature;7.5;7;77.5;77;6.8;5;5;;;;dead;I_dead;old;;;
6;D;50;50;C3;20;20;no tag;2023;Immature;9.5;7.5;79.5;77.5;9;5;5;;;;dead;I_dead;old;;;
6;D;50;50;D3;20;30;2154;2022;dead;1.5;6;71.5;86;5;5;5;;;;dead;new;new;;;
6;D;50;50;D4;10;30;no tag;2023;Immature;5;4;65;84;6.7;6.5;10.5;5;5;5;Reprodutivo;I_live;old;;;
6;D;50;50;E1;40;40;no tag;2022;dead;3;7.5;93;97.5;na;na;na;;;;dead;new;new;;;
6;D;50;50;E1;40;40;no tag;2022;dead;4.5;8;94.5;98;na;na;na;;;;dead;new;new;;;
6;D;50;50;E3;20;40;no tag;2023;Immature;4.5;7.5;74.5;97.5;25.8;37.5;30.1;;;;dead;I_dead;old;;;
6;D;50;50;E3;20;40;no tag;2023;Immature;6.5;6;76.5;96;14.3;13.6;13.3;;;;dead;I_dead;old;;;
6;D;50;50;E3;20;40;no tag;2023;Immature;9.5;5;79.5;95;18.1;19.4;17.5;21;20;12;Reprodutivo;I_live;old;;;
6;D;50;50;E4;10;40;no tag;2023;Immature;1;4.5;61;94.5;10.9;7.7;8;;;;dead;I_dead;old;;;
6;D;50;50;E4;10;40;no tag;2023;Immature;5;3.5;65;93.5;9.79;5;5;;;;dead;I_dead;old;;;
6;D;50;50;E4;10;40;no tag;2023;Immature;3;3.5;63;93.5;7.7;5;5;;;;dead;I_dead;old;;;
6;D;50;50;E5;0;40;no tag;2023;Immature;8;6.5;58;96.5;7.25;5;5;;;;dead;I_dead;old;;;
6;D;50;50;E5;0;40;no tag;2023;Immature;8;6.5;58;96.5;7.25;5;5;;;;dead;I_dead;old;;;
6;D;50;50;E5;0;40;no tag;2023;Immature;9.5;8.5;59.5;98.5;7.5;5;5;;;;dead;I_dead;old;;;
6;D;50;50;E5;0;40;no tag;2023;Immature;9.5;8.5;59.5;98.5;7.5;5;5;;;;dead;I_dead;old;;;
6;D;50;50;E5;0;40;no tag;2023;Immature;9.5;8.5;59.5;98.5;14.3;5;5;;;;dead;I_dead;old;;;
6;D;50;50;E5;0;40;no tag;2023;Immature;9.5;8.5;59.5;98.5;19.8;11;7.9;;;;dead;I_dead;old;;;
6;D;50;50;E5;0;40;no tag;2023;Immature;7;0;57;90;4.4;5;5;5;5;5;dead;I_dead;old;;Individíduo com rebrota;
6;D;50;50;E5;0;40;no tag;2023;Immature;7;2;57;92;5.5;5;5;5;5;5;dead;I_dead;old;;;
6;D;50;50;E5;0;40;no tag;2023;Immature;8.5;2;58.5;92;10.9;5;5;;;;dead;I_dead;old;;;
6;D;50;50;E5;0;40;no tag;2023;Immature;9;9.5;59;99.5;16.9;6.8;9.1;;;;dead;I_dead;old;;;
6;D;50;50;D2;30;30;no tag;2024;new;3.5;8;83.5;88;;;;5;5;5;Immature;new;new;;;
6;D;50;50;E5;0;40;no tag;2024;new;8;4;58;94;;;;5;5;5;Immature;new;new;;;
6;D;50;50;E5;0;40;no tag;2024;new;4;4.5;54;94.5;;;;5;5;5;Immature;new;new;;;
6;A;0;0;A1;40;40;no tag;2024;new;7;1;47;41;;;;5;5;5;Immature;new;new;;;
6;A;0;0;C1;20;40;no tag;2024;new;7;4;27;44;;;;5;5;5;Immature;new;new;;;
6;A;0;0;D5;10;0;no tag;2024;new;7;5;17;5;;;;5;5;5;Immature;new;new;;;
6;A;0;0;D5;10;0;no tag;2024;new;7;5;17;5;;;;5;5;5;Immature;new;new;;;
6;B;50;0;A5;40;40;no tag;2024;new;10;6;100;46;;;;5;5;5;Immature;new;new;;;
6;B;50;0;C4;30;20;no tag;2024;new;5.5;4.5;85.5;24.5;;;;5;5;5;Immature;new;new;;;
6;C;0;50;A3;0;20;2870;2024;new;3;10;3;80;;;;20;10;11;Reprodutivo;new;new;;;
6;C;0;50;A5;0;40;no tag;2024;new;8;3.5;8;93.5;;;;5;5;5;Immature;new;new;;;
6;C;0;50;B2;10;10;no tag;2024;new;6;4;16;64;;;;5;5;5;Immature;new;new;;;
6;C;0;50;B2;10;10;no tag;2024;new;6;7;16;67;;;;14;15;10;Immature;new;new;;;
6;C;0;50;B3;10;20;no tag;2024;new;4.5;8;14.5;78;;;;25;15;9;Reprodutivo;new;new;;Tag? ;
6;C;0;50;B5;10;40;no tag;2024;new;8;0;18;90;;;;5;5;5;Immature;new;new;;;
6;C;0;50;B5;10;40;no tag;2024;new;1.5;9;11.5;99;;;;5;5;5;Immature;new;new;;;
7;A;0;0;A3;40;20;no tag;2023;Immature;9;7;49;27;13.8;5;6.1;;;;dead;I_dead;old;;;
7;A;0;0;B1;30;40;2162;2022;dead;0.5;6;30.5;46;18;41.9;34.3;;;;dead;new;new;;Retirou tag;
7;A;0;0;B2;30;30;2160;2022;dead;7;9;37;39;6.8;5.7;5.8;;;;dead;new;new;;;
7;A;0;0;B2;30;30;2159;2022;Reprodutivo;8;7.5;38;37.5;26.7;11.4;10.9;;;;dead;R_dead;old;;Retirou tag;
7;A;0;0;C1;20;40;no tag;2023;Immature;2.5;8;22.5;48;12.2;5;5;5;5;5;Immature;I_live;old;;;
7;A;0;0;D3;10;20;no tag;2022;Reprodutivo;2;3.5;12;23.5;31.3;16.9;15.7;;;;dead;R_dead;old;;;
7;A;0;0;D3;10;20;no tag;2023;Immature;8.5;1.5;18.5;21.5;22.4;5.7;5;;;;dead;I_dead;old;;;
7;A;0;0;D4;10;10;no tag;2023;Immature;8;9;18;19;18.8;5;5;;;;dead;I_dead;old;;;
7;A;0;0;E2;0;30;no tag;2023;Immature;4;10;4;40;na;na;na;;;;dead;I_dead;old;;;
7;A;0;0;E2;0;30;no tag;2023;Immature;6;7.5;6;37.5;14.3;5;5;;;;dead;I_dead;old;;;
7;A;0;0;E3;0;20;2155;2022;Reprodutivo;3.5;8.5;3.5;28.5;44.4;24.4;21.4;30;40;25;Reprodutivo;R_live;old;;;
7;A;0;0;E4;0;10;2156;2022;Reprodutivo;7;3;7;13;25.3;28.3;22.4;;;;dead;R_dead;old;;;
7;B;50;0;A1;0;40;no tag;2023;Immature;10;9;60;49;8.7;5;5;;;;dead;I_dead;old;;;
7;B;50;0;A2;10;40;no tag;2023;Immature;2.5;1.5;62.5;41.5;11.4;5;5;;;;dead;I_dead;old;;;
7;B;50;0;A2;10;40;no tag;2023;Immature;0.5;5.5;60.5;45.5;5;5;5;;;;dead;I_dead;old;;;
7;B;50;0;A3;20;40;2168;2022;dead;0;0;70;40;40.1;41.8;34;;;;dead;new;new;;Retirou tag;
7;B;50;0;A3;20;40;2167;2022;Reprodutivo;7.5;6;77.5;46;31.7;33.75;28.9;;;;dead;R_dead;old;;Retirou tag;
7;B;50;0;B3;20;30;2166;2022;dead;0.5;2;70.5;32;32.8;59.3;30.2;;;;dead;new;new;;Retirou tag;
7;B;50;0;B3;20;30;2165;2022;Reprodutivo;6;8;76;38;34.3;18.5;20.4;;;;dead;R_dead;old;;Retirou tag;
7;B;50;0;C1;0;20;no tag;2023;Immature;8;7.5;58;27.5;13.9;6.3;6.1;;;;dead;I_dead;old;;;
7;B;50;0;E1;0;0;2163;2022;Reprodutivo;4.5;8.5;54.5;8.5;23.9;24.7;16.6;;;;dead;R_dead;old;;Retirou tag;
7;B;50;0;E5;40;0;2164;2022;Reprodutivo;2.5;2.5;92.5;2.5;19.8;10.2;18.3;;;;dead;R_dead;old;;Retirou tag;
7;C;0;50;A1;0;0;2173;2022;Reprodutivo;1;9.5;1;59.5;36.2;24.1;32.4;;;;dead;R_dead;old;;;
7;C;0;50;A2;0;10;2172;2022;Reprodutivo;0;8;0;68;48.9;46.02;39.3;;;;dead;R_dead;old;;;
7;C;0;50;A2;0;10;no tag;2023;Immature;4;2;4;62;11.8;5;5;;;;dead;I_dead;old;;;
7;C;0;50;A3;0;20;2171;2022;Reprodutivo;0;4.5;0;74.5;22.4;12.8;18.4;;;;dead;R_dead;old;;;
7;C;0;50;C2;20;10;no tag;2023;Immature;1.5;6.5;21.5;66.5;11.5;5;5;;;;dead;I_dead;old;;;
7;C;0;50;C5;20;40;2169;2022;Reprodutivo;3;3;23;93;23.1;22.3;16.8;;;;dead;R_dead;old;;Retirou tag;
7;D;50;50;A1;40;0;2175;2022;Reprodutivo;5;0;95;50;49.3;45.4;47.3;44;60;72;Reprodutivo;R_live;old;;;
7;D;50;50;A3;20;0;2176;2022;dead;5;9;75;59;21.4;54.4;44.5;;;;dead;new;new;;Retirou tag;
7;D;50;50;A3;20;0;no tag;2023;Immature;6;9;76;59;22.3;11.7;8.9;;;;dead;I_dead;old;;;
7;D;50;50;B4;10;10;no tag;2022;Reprodutivo;0.5;5;60.5;65;13.9;13.2;11.6;;;;dead;R_dead;old;;;
7;D;50;50;C1;40;20;2174;2022;dead;9;0;99;70;7.9;8.4;9.6;;;;dead;new;new;;Plaquinha reaproveitada em indivíduo fora da parcela que também dead;
7;D;50;50;E4;10;40;no tag;2023;Immature;4;2;64;92;7.8;5;5;;;;dead;I_dead;old;;;
7;D;50;50;E4;10;40;no tag;2023;Immature;2.5;6;62.5;96;6.1;5;5;;;;dead;I_dead;old;;;
7;D;50;50;E4;10;40;no tag;2023;Immature;7.5;6.5;67.5;96.5;5.9;5;5;;;;dead;I_dead;old;;;
7;A;0;0;B2;30;30;no tag;2024;new;6.5;7;36.5;37;;;;5;5;5;Immature;new;new;;;
7;A;0;0;C2;20;30;no tag;2024;new;7.5;3.5;27.5;33.5;;;;5;5;5;Immature;new;new;;;
7;A;0;0;D3;10;20;no tag;2024;new;7;8;17;28;;;;5;5;5;Immature;new;new;;;
7;A;0;0;E3;0;20;no tag;2024;new;2;5;2;25;;;;5;5;5;Immature;new;new;;;
7;A;0;0;E5;0;0;no tag;2024;new;7;3;7;3;;;;22;16;5;Immature;new;new;;;
7;B;50;0;A1;0;40;no tag;2024;new;2;4;52;44;;;;5;5;5;Immature;new;new;;;
7;B;50;0;A1;0;40;no tag;2024;new;6;8;56;48;;;;5;5;5;Immature;new;new;;;
7;B;50;0;A2;10;40;no tag;2024;new;9;9;69;49;;;;5;5;5;Immature;new;new;;;
7;B;50;0;A4;30;40;no tag;2024;new;2;9;82;49;;;;5;5;5;Immature;new;new;;;
7;C;0;50;A1;0;0;no tag;2024;new;7.5;7;7.5;57;;;;5;5;5;Immature;new;new;;;
7;C;0;50;A1;0;0;no tag;2024;new;0;9;0;59;;;;5;5;5;Immature;new;new;;;
7;C;0;50;B3;10;20;no tag;2024;new;8;8;18;78;;;;5;5;5;Immature;new;new;;;
7;C;0;50;E4;40;30;no tag;2024;new;7;9;47;89;;;;5;5;5;Immature;new;new;;;
7;C;0;50;E5;40;40;no tag;2024;new;5.5;1;45.5;91;;;;5;5;5;Immature;new;new;;;
7;D;50;50;A3;20;0;no tag;2024;new;2;6;72;56;;;;5;5;5;Immature;new;new;;;
7;D;50;50;A5;0;0;no tag;2024;new;5;4;55;54;;;;5;5;5;Immature;new;new;;;
7;D;50;50;B3;20;10;no tag;2024;new;4.5;7.5;74.5;67.5;;;;22;5;5;Reprodutivo;new;new;;;
7;D;50;50;C1;40;20;no tag;2024;new;7.5;3;97.5;73;;;;5;5;5;Immature;new;new;;;
7;D;50;50;C5;0;20;no tag;2024;new;8;10;58;80;;;;5;5;5;Immature;new;new;;;
7;D;50;50;D1;40;30;no tag;2024;new;4.5;0;94.5;80;;;;5;5;5;Immature;new;new;;;
7;D;50;50;E5;0;40;no tag;2024;new;2;5.5;52;95.5;;;;5;5;5;Immature;new;new;;;
8;A;0;0;A1;40;40;no tag;2023;Immature;10;1;50;41;11.3;5;5;;;;dead;I_dead;old;;;
8;A;0;0;A5;40;0;2182;2022;dead;8;7;48;7;na;na;na;;;;dead;new;new;;Retirou tag;
8;A;0;0;A5;40;0;2181;2022;dead;7.5;5;47.5;5;5;9.1;5;;;;dead;new;new;;Retirou tag;
8;A;0;0;B5;30;0;2179;2022;dead;8;5;38;5;na;na;na;;;;dead;new;new;;Retirou tag;
8;A;0;0;B5;30;0;2180;2022;dead;3;10;33;10;na;na;na;;;;dead;new;new;;Retirou tag;
8;A;0;0;D2;10;30;no tag;2023;Immature;9.5;6;19.5;36;11.3;5;5;;;;dead;I_dead;old;;;
8;A;0;0;D3;10;20;2178;2022;Reprodutivo;7;0.5;17;20.5;37.8;63.4;59.2;;;;dead;R_dead;old;;Retirou tag;
8;A;0;0;E2;0;30;2183;2022;Reprodutivo;10;0.5;10;30.5;31.9;64.4;58.8;;;;dead;R_dead;old;;;borda
8;B;50;0;B3;20;30;no tag;2023;Immature;6;2;76;32;6.7;5;5;;;;dead;I_dead;old;;;
8;B;50;0;B5;40;30;2185;2022;Reprodutivo;5.5;7.5;95.5;37.5;42.7;108.6;16.8;;;;dead;R_dead;old;;Tag mantida?;
8;B;50;0;C3;20;20;2186;2022;Reprodutivo;10;7;80;27;38.3;96.1;75.1;;;;dead;R_dead;old;;Tag mantida?;entre c3 e d3
8;B;50;0;D1;0;10;2187;2022;Reprodutivo;9;6;59;16;15.21;15.6;18.1;;;;dead;R_dead;old;;Retirou tag;
8;B;50;0;D3;20;10;no tag;2023;Immature;0;2;70;12;11.2;5;5;;;;dead;I_dead;old;;;
8;B;50;0;D3;20;10;no tag;2023;Immature;0;2;70;12;11.2;5;5;;;;dead;I_dead;old;;;
8;B;50;0;D3;20;10;no tag;2023;dead;0;2;70;12;na;na;na;;;;dead;new;new;;;
8;D;50;50;A5;0;0;2188;2022;dead;1.5;0.5;51.5;50.5;na;na;na;;;;dead;new;new;;;
8;D;50;50;C5;0;20;2189;2022;dead;1;6.5;51;76.5;5;5;5;;;;dead;new;new;;Retirou tag;
8;A;0;0;E2;0;30;2184;2022;dead;10;8;10;38;1.3;20.5;15.1;;;;dead;new;new;;Retirou tag;borda
8;B;50;0;D3;20;10;no tag;2023;dead;0;2;70;12;na;na;na;;;;dead;new;new;;;
8;A;0;0;C4;20;10;no tag;2024;new;2.5;2.5;22.5;12.5;;;;5;5;5;Immature;new;new;;;
8;B;50;0;A2;10;40;no tag;2024;new;7.5;5;67.5;45;;;;5;5;5;Immature;new;new;;;
8;B;50;0;A5;40;40;no tag;2024;new;6.5;10;96.5;50;;;;5;5;5;Immature;new;new;;;
8;B;50;0;B5;40;30;no tag;2024;new;1;10;91;40;;;;5;5;5;Immature;new;new;;;
8;B;50;0;B5;40;30;no tag;2024;new;6;6;96;36;;;;5;5;5;Immature;new;new;;;
8;B;50;0;B5;40;30;no tag;2024;new;7;7;97;37;;;;5;5;5;Immature;new;new;;;
8;B;50;0;B5;40;30;no tag;2024;new;8;7;98;37;;;;5;5;5;Immature;new;new;;;
8;B;50;0;B5;40;30;no tag;2024;new;10;3.5;100;33.5;;;;5;5;5;Immature;new;new;;;
8;B;50;0;B5;40;30;no tag;2024;new;10;3.5;100;33.5;;;;5;5;5;Immature;new;new;;;
8;B;50;0;C1;0;20;no tag;2024;new;7;9;57;29;;;;5;5;5;Immature;new;new;;;
8;B;50;0;D5;40;10;no tag;2024;new;5.5;8;95.5;18;;;;5;5;5;Immature;new;new;;;
8;C;0;50;D4;30;30;no tag;2024;new;3.5;9.5;33.5;89.5;;;;5;5;5;Immature;new;new;;;
8;C;0;50;E2;40;10;no tag;2024;new;8;2;48;62;;;;5;5;5;Immature;new;new;;;
8;D;50;50;A1;40;0;no tag;2024;new;0.5;6;90.5;56;;;;5;5;5;Immature;new;new;;;
8;D;50;50;A3;20;0;no tag;2024;new;4;4;74;54;;;;5;5;5;Immature;new;new;;;
9;A;0;0;A2;40;30;2195;2022;dead;3.5;1;43.5;31;5;5;5;;;;dead;new;new;;Retirou tag;
9;A;0;0;A4;40;10;no tag;2023;dead;1;8.5;41;18.5;na;na;na;;;;dead;new;new;;;
9;A;0;0;A5;40;0;no tag;2023;Immature;1;1.5;41;1.5;6.4;5;5;;;;dead;I_dead;old;;;
9;A;0;0;B2;30;30;2194;2022;dead;4.5;0.5;34.5;30.5;na;na;na;;;;dead;new;new;;Já sem tag;
9;A;0;0;B5;30;0;no tag;2023;Reprodutivo;6.5;3;36.5;3;11.7;5;5;;;;dead;R_dead;old;;;
9;A;0;0;C1;20;40;no tag;2023;Reprodutivo;1.5;1.5;21.5;41.5;11.3;5;5;;;;dead;R_dead;old;;;
9;A;0;0;C2;20;30;2193;2022;Reprodutivo;7.5;4.5;27.5;34.5;26.3;33.17;23.9;25;40;26;Reprodutivo;R_live;old;;;
9;A;0;0;C4;20;10;2191;2022;immature;9;2.5;29;12.5;1.5;8.8;8.1;;;;dead;I_dead;old;;Tag sumiu;
9;A;0;0;C4;20;10;no tag;2023;Immature;3;2.5;23;12.5;11.5;5;5;;;;dead;I_dead;old;;;
9;A;0;0;C4;20;10;no tag;2023;Immature;3;2.5;23;12.5;9;5;5;;;;dead;I_dead;old;;;
9;A;0;0;C4;20;10;no tag;2023;Immature;1;7;21;17;4.4;5;5;;;;dead;I_dead;old;;;
9;A;0;0;C5;20;0;2190;2022;dead;6;5;26;5;15.7;6.4;5;;;;dead;new;new;;Retirou tag;
9;A;0;0;D2;10;30;no tag;2023;Reprodutivo;2;5;12;35;11.5;5;5;;;;dead;R_dead;old;;;
9;A;0;0;D3;10;20;2192;2022;dead;8;8;18;28;5;5;5;;;;dead;new;new;;Tag sumiu;
9;A;0;0;E3;0;20;no tag;2022;Reprodutivo;3;5;3;25;13.11;15;17.7;20;11;14;Immature;R_live;old;;Está rebrotando (parcialmente dead);adulto no tag, ano passado
9;B;50;0;A3;20;40;2198;2022;dead;3.5;7;73.5;47;na;na;na;;;;dead;new;new;;;
9;B;50;0;A3;20;40;2197;2022;dead;4;1;74;41;na;na;na;;;;dead;new;new;;;
9;B;50;0;A4;30;40;no tag;2023;Immature;8;3;88;43;6.9;5;5;;;;dead;I_dead;old;;;
9;B;50;0;B1;0;30;2201;2022;dead;5;2.5;55;32.5;21.6;6.8;7;;;;dead;new;new;;Tirou tag;
9;B;50;0;B1;0;30;2200;2022;Reprodutivo;2;2.5;52;32.5;23.3;30.1;34.6;;;;dead;R_dead;old;;Tirou tag;
9;B;50;0;B1;0;30;no tag;2023;Immature;3;8.5;53;38.5;12.5;5;5;;;;dead;I_dead;old;;;
9;B;50;0;B2;10;30;no tag;2023;Immature;1;1.5;61;31.5;8.4;5;5;;;;dead;I_dead;old;;;
9;B;50;0;B2;10;30;no tag;2023;Immature;3;8;63;38;9.2;5;5;;;;dead;I_dead;old;;;
9;B;50;0;B2;10;30;no tag;2023;dead;4;8;64;38;na;na;na;;;;dead;new;new;;;
9;B;50;0;B2;10;30;no tag;2022;Reprodutivo;2.5;4.5;62.5;34.5;14.3;30.2;21.7;5;5;5;Immature;R_live;old;;;adulto no tag, ano passdo
9;C;0;50;B1;10;0;2202;2022;Reprodutivo;9.5;0.5;19.5;50.5;44.8;68.3;71.5;;;;dead;R_dead;old;;Confirmar quadrante. Antes estava como B_C2 mas provavelmente é C_B1;
9;B;50;0;C4;30;20;2196;2022;dead;3;7;83;27;15.7;9.4;8.6;;;;dead;new;new;;Tirou tag;
9;B;50;0;D1;0;10;2199;2022;dead;0;5.5;50;15.5;na;na;na;;;;dead;new;new;;Tag sumiu;
9;B;50;0;D2;10;10;2864;2022;Reprodutivo;1.5;4;61.5;14;28.1;21.8;17.1;40;33;37;Reprodutivo;R_live;old;;Ganhou tag (#2864);adulto no tag, ano passdo
9;B;50;0;D2;10;10;no tag;2023;Immature;8.5;0;68.5;10;13.1;5;5;;;;dead;I_dead;old;;;
9;B;50;0;D2;10;10;no tag;2023;Immature;4;6;64;16;9;5;5;24;10;9;Reprodutivo;I_live;old;;Ao lado de #2864;
9;B;50;0;D3;20;10;no tag;2023;Immature;6;2.5;76;12.5;14.8;5;5;;;;dead;I_dead;old;;;
9;C;0;50;A1;0;0;2209;2022;dead;7;2;7;52;na;na;na;;;;dead;new;new;;Tag sumiu;
9;C;0;50;A2;0;10;no tag;2023;Immature;0;8.5;0;68.5;5.9;5;5;;;;dead;I_dead;old;;;
9;C;0;50;A3;0;20;no tag;2023;Immature;1;3;1;73;8.9;5;5;;;;dead;I_dead;old;;;
9;C;0;50;A3;0;20;no tag;2023;Immature;1.5;4.5;1.5;74.5;6.5;5;5;;;;dead;I_dead;old;;;
9;C;0;50;A3;0;20;no tag;2023;Immature;8;7.5;8;77.5;12.3;6.9;7.6;;;;dead;I_dead;old;;;
9;C;0;50;B1;10;0;2208;2022;Reprodutivo;10;6;20;56;32.8;53.7;58.9;32;40;62;Reprodutivo;R_live;old;;;
9;C;0;50;B3;10;20;2207;2022;dead;4;8.5;14;78.5;na;na;na;;;;dead;new;new;;;
9;C;0;50;C1;20;0;no tag;2023;Immature;3;1;23;51;6.8;5;5;;;;dead;I_dead;old;;;
9;C;0;50;D1;30;0;2203;2022;immature;8.5;8.5;38.5;58.5;35.8;64.1;69.6;;;;dead;I_dead;old;;;
9;C;0;50;D2;30;10;no tag;2022;Reprodutivo;4;4;34;64;22.2;29.6;26.35;;;;dead;R_dead;old;;;adulto no tag, ano passdo
9;C;0;50;D2;30;10;no tag;2022;Reprodutivo;8;6.5;38;66.5;27.6;19;22.9;;;;dead;R_dead;old;;;adulto no tag, ano passdo
9;C;0;50;D2;30;10;no tag;2022;Reprodutivo;4;2;34;62;20.9;12.3;7.9;;;;dead;R_dead;old;;;adulto no tag, ano passdo
9;C;0;50;D5;30;40;2206;2022;Reprodutivo;5.5;10;35.5;100;34.7;33.7;35.6;31;25;33;Reprodutivo;R_live;old;;;
9;C;0;50;E1;40;0;no tag;2023;Immature;7;4.5;47;54.5;3.1;5;5;21;10;16;Immature;I_live;old;;;
9;C;0;50;E1;40;0;no tag;2023;Immature;6.5;7;46.5;57;6.3;5;5;;;;dead;I_dead;old;;;
9;C;0;50;E2;40;10;no tag;2023;Immature;10;4;50;64;12.6;5;5;;;;dead;I_dead;old;;;
9;C;0;50;E2;40;10;2205;2022;immature;10;6.5;50;66.5;17.3;48.9;24.9;;;;dead;I_dead;old;;Retirou tag;
9;C;0;50;E2 ;40;10;2204;2022;Reprodutivo;4;4.5;44;64.5;32.4;31.6;27;20;23;31;Reprodutivo;R_live;old;;;
9;D;50;50;A1;40;0;2214;2022;immature;9;9;99;59;18.7;22.6;28.9;;;;dead;I_dead;old;;Tag?;
9;D;50;50;A2;30;0;2218;2022;Reprodutivo;5;1;85;51;27.5;40.9;49.7;33;42;44;Reprodutivo;R_live;old;;;
9;D;50;50;A2;30;0;2217;2022;Reprodutivo;8;6.5;88;56.5;28.5;39.7;47.3;32;29;38;Reprodutivo;R_live;old;;;
9;D;50;50;A2;30;0;no tag;2023;dead;6;0;86;50;na;na;na;;;;dead;new;new;;;
9;D;50;50;A3;20;0;no tag;2023;Immature;9;9;79;59;13.6;7.7;6.7;;;;dead;I_dead;old;;;
9;D;50;50;A3;20;0;2215;2022;Reprodutivo;1;9.5;71;59.5;28.6;39.1;25.4;;;;dead;R_dead;old;;Retirou tag;
9;D;50;50;A3;20;0;2216;2022;Reprodutivo;7;4.5;77;54.5;33.3;30.1;42.7;30;24;25;Reprodutivo;R_live;old;;;
9;D;50;50;A5;0;0;2219;2022;dead;0.5;7.5;50.5;57.5;na;na;na;;;;dead;new;new;;;
9;D;50;50;B1;40;10;no tag;2023;Reprodutivo;3;1;93;61;15.9;5;5;;;;dead;R_dead;old;;;
9;D;50;50;B1;40;10;no tag;2023;Immature;4;4;94;64;5.1;5;5;;;;dead;I_dead;old;;;
9;D;50;50;B1;40;10;no tag;2023;Immature;5;4.5;95;64.5;7.4;5;5;;;;dead;I_dead;old;;;
9;D;50;50;B1;40;10;no tag;2023;Immature;9;1;99;61;16.9;7.7;7.5;;;;dead;I_dead;old;;;
9;D;50;50;B2;30;10;2225;2022;Immature;4.5;6;84.5;66;15.9;16.1;17;14;21;15;Immature;I_live;old;;;
9;D;50;50;B2;30;10;no tag;2023;Immature;1.5;3.5;81.5;63.5;8.6;5;5;;;;dead;I_dead;old;;;
9;D;50;50;B3;20;10;2223;2022;Reprodutivo;2;1;72;61;8.6;5;5;;;;dead;R_dead;old;;Retirou tag;
9;D;50;50;B3;20;10;no tag;2023;Immature;2.5;9.5;72.5;69.5;6;5;5;;;;dead;I_dead;old;;;
9;D;50;50;B3;20;10;no tag;2023;Immature;2.5;9.5;72.5;69.5;6;5;5;14;5;5;Immature;I_live;old;;;
9;D;50;50;D2;30;30;2211;2022;Immature;1.5;8;81.5;88;7.4;5;5;;;;dead;I_dead;old;;Retirou tag;
9;D;50;50;D2;30;30;2222;2022;Immature;8;6;88;86;19.1;18.7;25.1;18;27;22;Reprodutivo;I_live;old;;;
9;D;50;50;D4;10;30;2224;2022;Reprodutivo;5;6;65;86;25.5;22.9;23.3;;;;dead;R_dead;old;;Retirou tag;
9;D;50;50;E2;30;40;2221;2022;Immature;5;8;85;98;11.3;9.3;8.9;;;;dead;I_dead;old;;Retirou tag;
9;D;50;50;E3;20;40;2212;2022;Reprodutivo;10;4;80;94;18.6;15;13.3;;;;dead;R_dead;old;;Retirou tag;
9;D;50;50;E3;20;40;2220;2022;dead;1;0;71;90;na;na;na;;;;dead;new;new;;Retirou tag;
9;D;50;50;E3;20;40;no tag;2023;Immature;7;6;77;96;4.4;5;5;;;;dead;I_dead;old;;;
9;D;50;50;E3;20;40;no tag;2023;Immature;7;6;77;96;4.4;5;5;;;;dead;I_dead;old;;;
9;D;50;50;E3 ;20;40;2210;2022;Immature;4;4.5;74;94.5;20.2;16;16.6;;;;dead;I_dead;old;;;
9;D;50;50;E3 ;20;40;no tag;2022;Reprodutivo;4.5;2;74.5;92;16.7;11.1;11.1;;;;dead;R_dead;old;;adulto no tag, ano passado;adulto no tag, ano passado
9;D;50;50;E5;0;40;2213;2022;Reprodutivo;10;2;60;92;29.4;38.3;41.6;;;;dead;R_dead;old;;Tag mantida;
9;A;0;0;B2;30;30;No tag;2024;new;10;0;40;30;;;;5;5;5;Immature;new;new;;;
9;A;0;0;B5;30;0;No tag;2024;new;1;5.5;31;5.5;;;;5;5;5;Immature;new;new;;;
9;A;0;0;C1;20;40;No tag;2024;new;3.5;4.5;23.5;44.5;;;;5;5;5;Immature;new;new;;;
9;A;0;0;D1;10;40;No tag;2024;new;8;4.5;18;44.5;;;;5;5;5;Immature;new;new;;;
9;A;0;0;D3;10;20;No tag;2024;new;5;1;15;21;;;;5;5;5;Immature;new;new;;;
9;A;0;0;D4;10;10;No tag;2024;new;4.5;5;14.5;15;;;;5;5;5;Immature;new;new;;;
9;A;0;0;E2;0;30;No tag;2024;new;4.5;5.5;4.5;35.5;;;;5;5;5;Immature;new;new;;;
9;A;0;0;E3;0;20;No tag;2024;new;9.5;8.5;9.5;28.5;;;;23;15;13;Immature;new;new;;;
9;B;50;0;A3;20;40;No tag;2024;new;5;4.5;75;44.5;;;;5;5;5;Immature;new;new;;;
9;B;50;0;B2;10;30;No tag;2024;new;3;1.5;63;31.5;;;;5;5;5;Immature;new;new;;;
9;B;50;0;B2;10;30;No tag;2024;new;3;1.5;63;31.5;;;;5;5;5;Immature;new;new;;;
9;B;50;0;B2;10;30;No tag;2024;new;5;4;65;34;;;;5;5;5;Immature;new;new;;;
9;B;50;0;B2;10;30;No tag;2024;new;4;7.5;64;37.5;;;;5;5;5;Immature;new;new;;;
9;B;50;0;C3;20;20;No tag;2024;new;5;0.5;75;20.5;;;;5;5;5;Immature;new;new;;;
9;B;50;0;C3;20;20;No tag;2024;new;2.5;2;72.5;22;;;;5;5;5;Immature;new;new;;;
9;B;50;0;C3;20;20;No tag;2024;new;9;4.5;79;24.5;;;;5;5;5;Immature;new;new;;;
9;B;50;0;C2;10;20;No tag;2024;new;9;4;69;24;;;;5;5;5;Immature;new;new;;;
9;B;50;0;C5;40;20;No tag;2024;new;4;4.5;94;24.5;;;;25;15;10;Reprodutivo;new;new;;;
9;B;50;0;D2;10;10;No tag;2024;new;4;1;64;11;;;;5;5;5;Immature;new;new;;;
9;B;50;0;D2;10;10;No tag;2024;new;6;1;66;11;;;;5;5;5;Immature;new;new;;;
9;B;50;0;D2;10;10;No tag;2024;new;3;7.5;63;17.5;;;;5;5;5;Immature;new;new;;;
9;B;50;0;D2;10;10;No tag;2024;new;0.5;9;60.5;19;;;;5;5;5;Immature;new;new;;;
9;B;50;0;D2;10;10;No tag;2024;new;1;9;61;19;;;;5;5;5;Immature;new;new;;;
9;B;50;0;D2;10;10;No tag;2024;new;8.5;7.5;68.5;17.5;;;;5;5;5;Immature;new;new;;;
9;B;50;0;D3;20;10;No tag;2024;new;4;3.5;74;13.5;;;;5;5;5;Immature;new;new;;;
9;B;50;0;D3;20;10;No tag;2024;new;4;5;74;15;;;;5;5;5;Immature;new;new;;;
9;B;50;0;D3;20;10;No tag;2024;new;4;6;74;16;;;;5;5;5;Immature;new;new;;;
9;B;50;0;D3;20;10;No tag;2024;new;9;7;79;17;;;;5;5;5;Immature;new;new;;;
9;B;50;0;D3;20;10;No tag;2024;new;7.5;0;77.5;10;;;;5;5;5;Immature;new;new;;;
9;B;50;0;D3;20;10;No tag;2024;new;9;8;79;18;;;;5;5;5;Immature;new;new;;;
9;B;50;0;E5;40;0;No tag;2024;new;0.5;9;90.5;9;;;;5;5;5;Immature;new;new;;;
9;C;0;50;A1;0;0;No tag;2024;new;7.5;5;7.5;55;;;;5;5;5;Immature;new;new;;;
9;C;0;50;A1;0;0;No tag;2024;new;7.5;5;7.5;55;;;;5;5;5;Immature;new;new;;;
9;C;0;50;A1;0;0;No tag;2024;new;7.5;5;7.5;55;;;;5;5;5;Immature;new;new;;;
9;C;0;50;A1;0;0;No tag;2024;new;7;9;7;59;;;;5;5;5;Immature;new;new;;;
9;C;0;50;E2;40;10;No tag;2024;new;3;10;43;70;;;;5;5;5;Immature;new;new;;;
9;C;0;50;E2;40;10;No tag;2024;new;7;6.5;47;66.5;;;;5;5;5;Immature;new;new;;;
9;C;0;50;E2;40;10;No tag;2024;new;8;6;48;66;;;;5;5;5;Immature;new;new;;;
9;D;50;50;A1;40;0;No tag;2024;new;6;5;96;55;;;;5;5;5;Immature;new;new;;;
9;D;50;50;A4;10;0;No tag;2024;new;3;3.5;63;53.5;;;;5;5;5;Immature;new;new;;;
9;D;50;50;A4;10;0;No tag;2024;new;1;9.5;61;59.5;;;;5;5;5;Immature;new;new;;;
9;D;50;50;A5;0;0;No tag;2024;new;6.5;5;56.5;55;;;;5;5;5;Immature;new;new;;;
9;D;50;50;B1;40;10;No tag;2024;new;8;0;98;60;;;;5;5;5;Immature;new;new;;;
9;D;50;50;B3;20;10;No tag;2024;new;5.5;6;75.5;66;;;;23;10;11;Immature;new;new;;;
9;D;50;50;B4;10;10;No tag;2024;new;0.5;0.5;60.5;60.5;;;;5;5;5;Immature;new;new;;;
9;D;50;50;C1;40;20;No tag;2024;new;4.5;3;94.5;73;;;;5;5;5;Immature;new;new;;;
9;D;50;50;C5;0;20;No tag;2024;new;3;2.5;53;72.5;;;;5;5;5;Immature;new;new;;;
9;D;50;50;D2;30;30;No tag;2024;new;6;4;86;84;;;;5;5;5;Immature;new;new;;;
10;A;0;0;A2;40;30;no tag;2023;Immature;3.5;4.5;43.5;34.5;13.2;11.2;12.3;;;;dead;I_dead;old;;;
10;A;0;0;B5;30;0;no tag;2023;Immature;4;5;34;5;12.9;13.9;11.7;;;;dead;I_dead;old;;;
10;A;0;0;D1;10;40;no tag;2023;Immature;3;4;13;44;7.1;5;5;;;;dead;I_dead;old;;;
10;B;50;0;B4;30;30;2228;2022;dead;3.5;3;83.5;33;11.2;8;8;;;;dead;new;new;;Retirou tag;
10;B;50;0;D1;0;10;2226;2022;Reprodutivo;6;5;56;15;27;15.2;11.4;;;;dead;R_dead;old;;Retirou tag;
10;B;50;0;D1;0;10;2227;2022;Reprodutivo;5.5;7;55.5;17;18.8;26.1;18.4;;;;dead;R_dead;old;;Retirou tag;
10;C;0;50;B1;10;0;2229;2022;Reprodutivo;8;0;18;50;23.6;16;23.7;;;;dead;R_dead;old;;Retirou tag;
10;C;0;50;C1;20;0;2888;2023;Immature;1.5;8;21.5;58;9.3;12.9;12.4;23;19;22;Reprodutivo;I_live;old;;;
10;C;0;50;D2;30;10;2231;2022;Immature;1.5;7.5;31.5;67.5;12.4;5;5;;;;dead;I_dead;old;;Retirou tag;
10;C;0;50;D3;30;20;2230;2022;dead;0.5;3.5;30.5;73.5;na;na;na;;;;dead;new;new;;;
10;D;50;50;A5;0;0;2233;2022;dead;8.5;6;58.5;56;16.3;5;5;;;;dead;new;new;;Retirou tag;
10;D;50;50;D5;0;30;2236;2022;Reprodutivo;5.5;10.5;55.5;90.5;38.1;50.7;47.5;;;;dead;R_dead;old;;Tag mantida;
10;D;50;50;D5;0;30;2235;2022;Immature;6;10;56;90;30.2;24.2;26.9;;;;dead;I_dead;old;;Retirou tag;
10;D;50;50;D5;0;30;2234;2022;dead;5.5;1.5;55.5;81.5;na;na;na;;;;dead;new;new;;;
10;D;50;50;E5 ;0;40;2237;2022;Reprodutivo;3;6;53;96;31.8;52;24.7;;;;dead;R_dead;old;;Retirou tag;
10;A;0;0;B5;30;0;No tag;2024;new;4;5;34;5;;;;5;5;5;Immature;new;new;;;
10;A;0;0;E1;0;40;No tag;2024;new;2;4.5;2;44.5;;;;5;5;5;Immature;new;new;;;
10;B;50;0;B4;30;30;No tag;2024;new;9.5;1;89.5;31;;;;5;5;5;Immature;new;new;;;
10;C;0;50;D2;30;10;No tag;2024;new;7;5.5;37;65.5;;;;16;5;5;Immature;new;new;;;
10;C;0;50;D3;30;20;No tag;2024;new;3;1.5;33;71.5;;;;5;5;5;Immature;new;new;;;
10;C;0;50;D3;30;20;No tag;2024;new;6;3;36;73;;;;5;5;5;Immature;new;new;;;
10;D;50;50;B5;0;10;2887;2024;new;4.5;7.5;54.5;67.5;;;;17;5;5;Immature;new;new;;Ganhou tag (#2887);
ext.p5;next  P5;;;NA;;;2141;2022;Reprodutivo;NA;NA;;;60.6;87.2;38.3;;;;dead;R_dead;old;;Retirou a tag;
ext.p3;NEXT P3;;;NA;;;2102;2022;Reprodutivo;NA;NA;;;42.6;140.6;76.9;64;79;150;Immature;R_live;old;;Tag reutilizada de indiv. Morto em 2023.;
