Specie;Plot;Quad;X_quad;Y_quad;Q_Yellow;X_yellow;Y_yellow;TAG ;status;X_10;Y_10;X;Y;alt;dia_x;dia_y;diam;OBS
;1;A;0;0;D4;10;10;no tag;Jovem ;1;1;11;11;11.1;7.6;7.3;174.2072;Menor classe de diametro = 5mm
;1;B;50;0;A5;40;40;no tag;Reprodutivo;0.5;7;90.5;47;17.9;5.6;8.5;149.464;Todas medidas de tamanhho em mm
;1;B;50;0;A5;40;40;no tag;Jovem ;4;5;94;45;12.6;5;5;78.5;
;1;B;50;0;A5;40;40;no tag;Jovem ;4;5;94;45;8.2;10.2;20.5;656.574;
;1;B;50;0;A5;40;40;2010;Reprodutivo;6;3;96;43;29.2;51.2;37.2;5980.5696;
;1;B;50;0;B1;0;30;2006;Reprodutivo;6;4;56;34;45;43.1;36.9;4993.8246;
;1;B;50;0;C2;10;20;no tag;Reprodutivo;3;7;63;27;18;6.7;5.5;115.709;
;1;B;50;0;C2;10;20;no tag;Jovem ;5;7;65;27;18;7.1;6.7;149.3698;
;1;B;50;0;C2;10;20;no tag;Jovem ;2;8;62;28;18;6.5;6.5;132.665;
;1;B;50;0;C2;10;20;no tag;Jovem ;2;8;62;28;18;6.5;6.5;132.665;
;1;B;50;0;D3;20;10;2003;Jovem ;4;10;74;20;20.4;26.5;19.9;1655.879;
;1;B;50;0;D4;30;10;2000;Reprodutivo;6;4;86;14;25.6;21.4;35.9;2412.3364;
;1;B;50;0;D4;30;10;2001;Esqueleto;0;9;80;19;18.1;39.7;32.3;4026.4534;
;1;C;50;50;A3;0;20;no tag;Reprodutivo;3.5;7;53.5;77;7.7;5;5;78.5;
;1;C;50;50;C1;20;0;2009;Reprodutivo;5;2.5;75;52.5;24.3;17.1;20;1073.88;
;1;C;50;50;C2;20;10;no tag;Reprodutivo;3;9;73;69;27.4;27.2;37;3160.096;
;1;D;50;50;D5;40;10;2012;Esqueleto;9;6;99;66;51.5;28.4;18.2;1623.0032;
;1;B;50;0;E2;10;0;no tag;Jovem ;4;1.5;64;1.5;24.9;23.2;17.3;1260.2704;
;1;B;50;0;D4;30;10;no tag;Jovem ;3;5.5;83;15.5;7.5;5;5;78.5;
;1;D;50;50;E5;40;0;no tag;Jovem ;9.5;5;99.5;55;15;7.7;9;217.602;
;2;A;0;0;A2;40;30;no tag;Reprodutivo;1.5;5.5;41.5;35.5;21.8;5;5;78.5;
;2;A;0;0;A3;40;20;2030;Reprodutivo;9;9.5;49;29.5;37.4;27.8;24.6;2147.3832;
;2;A;0;0;A3;40;20;2031;Esqueleto;6;6;46;26;71.3;53.5;74.9;12582.451;
;2;A;0;0;A3;40;20;no tag;Jovem ;4;4.5;44;24.5;17.6;5;5;78.5;
;2;A;0;0;A3;40;20;no tag;Reprodutivo;3;8;43;28;32.7;15.1;10.5;497.847;
;2;A;0;0;A4;40;10;2023;Reprodutivo;9;5;49;15;45.3;30.9;59.7;5792.4522;
;2;A;0;0;A4;40;10;2032;Esqueleto;5;2;45;12;55.6;32.9;35;3615.71;
;2;A;0;0;A4;40;10;2021;Esqueleto;2;7.5;42;17.5;29.2;33.1;32.2;3346.6748;
;2;A;0;0;A4;40;10;no tag;Jovem ;1;4;41;14;7.6;5;5;78.5;
;2;A;0;0;A4;40;10;no tag;Morreu;8.5;2;48.5;12;na;na;na;#VALOR!;dead
;2;A;0;0;A5;40;0;no tag;Jovem ;7;4.5;47;4.5;5.9;5;5;78.5;
;2;A;0;0;A5;40;0;no tag;Reprodutivo;7;4.5;47;4.5;5.9;5;5;78.5;
;2;A;0;0;B1;30;40;no tag;Esqueleto;3;4;33;44;na;na;na;#VALOR!;
;2;A;0;0;B2;30;30;no tag;Reprodutivo;2.5;9;32.5;39;8.7;5;5;78.5;
;2;A;0;0;B3;30;20;2026;Not found;;;30;20;na;na;na;#VALOR!;
;2;A;0;0;B3;30;20;2025;Esqueleto;5.5;3;35.5;23;20.6;46.2;26.6;3858.8088;
;2;A;0;0;B3;30;20;2018;Esqueleto;9;8;39;28;18.5;27.5;29.5;2547.325;
;2;A;0;0;B3;30;20;no tag;Jovem ;2.5;0.5;32.5;20.5;5;5;5;78.5;
;2;A;0;0;B3;30;20;no tag;Jovem ;1.5;2;31.5;22;5;5;5;78.5;
;2;A;0;0;B5;30;0;2022;Esqueleto;7.5;3.5;37.5;3.5;52.5;52.7;71.4;11815.1292;
;2;A;0;0;B5;30;0;no tag;Jovem ;6;6.5;36;6.5;5;5;5;78.5;
;2;A;0;0;B5;30;0;no tag;Jovem ;6;6.5;36;6.5;5;5;5;78.5;
;2;A;0;0;B5;30;0;no tag;Jovem ;6;6.5;36;6.5;5;5;5;78.5;
;2;A;0;0;B5;30;0;no tag;Jovem ;6;6.5;36;6.5;10.6;5;5;78.5;
;2;A;0;0;C2;20;30;2019;Esqueleto;10;5;30;35;48.1;39.7;47.6;5933.7208;
;2;A;0;0;C3;20;20;2016;Esqueleto;3;8;23;28;27.8;41.4;55.7;7240.7772;
;2;A;0;0;C4;20;10;no tag;Jovem ;3.5;5;23.5;15;5;5;5;78.5;
;2;A;0;0;C5;20;0;no tag;Jovem ;4.5;6;24.5;6;5;5;5;78.5;
;2;A;0;0;D1;10;40;no tag;Reprodutivo;2;8;12;48;8.7;5;5;78.5;
;2;A;0;0;D3;10;20;no tag;Jovem ;0.5;2;10.5;22;7.3;5;5;78.5;
;2;A;0;0;D3;10;20;no tag;Jovem ;0.5;2;10.5;22;1.3;5;5;78.5;
;2;A;0;0;E1;0;40;2029;adulto ano passado;10;4;10;44;36.4;23.2;28.3;2061.5984;
;2;A;0;0;E1;0;40;no tag;Reprodutivo;6;8;6;48;11.1;7.8;7.4;181.2408;
;2;A;0;0;E1;0;40;no tag;Reprodutivo;5;6.5;5;46.5;9.7;7.4;6.5;151.034;
;2;A;0;0;E1;0;40;no tag;Reprodutivo;1.5;5.5;1.5;45.5;24.2;20.3;15.2;968.8784;
;2;A;0;0;A2;40;30;no tag;Reprodutivo;6.5;8;46.5;38;17.7;5.8;5.5;100.166;
;2;A;0;0;A4;40;10;no tag;Jovem ;1;4;41;14;7.6;5;5;78.5;
;2;A;0;0;A4;40;10;no tag;Jovem ;3;5.5;43;15.5;5;5;5;78.5;
;2;A;0;0;A5;40;0;no tag;Jovem ;5;8.5;45;8.5;5;5;5;78.5;
;2;A;0;0;B2;30;30;no tag;Jovem ;2.5;5;32.5;35;10;5;5;78.5;
;2;A;0;0;B2;30;30;no tag;Jovem ;3;5;33;35;10;5;5;78.5;
;2;A;0;0;B2;30;30;no tag;Jovem ;2;6.5;32;36.5;11.4;5;5;78.5;
;2;A;0;0;B3;30;20;no tag;Jovem ;0.5;6;30.5;26;5.1;5;5;78.5;
;2;A;0;0;B3;30;20;no tag;Reprodutivo;4.5;3;34.5;23;5;5;55;863.5;
;2;A;0;0;B5;30;0;no tag;Jovem ;6;6;36;6;5;5;5;78.5;
;2;A;0;0;B5;30;0;no tag;Reprodutivo;9;8;39;8;16.9;6.2;5;97.34;
;2;A;0;0;B5;30;0;no tag;Reprodutivo;9.5;6.5;39.5;6.5;10.8;5.5;5.5;94.985;
;2;A;0;0;B5;30;0;no tag;Jovem ;4.5;8;34.5;8;5;5;5;78.5;
;2;A;0;0;B5;30;0;no tag;Jovem ;3;3;33;3;5;5;55;863.5;
;2;A;0;0;B5;30;0;no tag;Jovem ;3;3;33;3;5;5;5;78.5;
;2;A;0;0;C1;20;40;no tag;Reprodutivo;8.5;2;28.5;42;12.7;5;5;78.5;
;2;A;0;0;C1;20;40;no tag;Jovem ;5;3;25;43;5;5;5;78.5;
;2;A;0;0;C1;20;40;no tag;Reprodutivo;4;3.5;24;43.5;10.2;5.9;5.5;101.893;
;2;A;0;0;C3;20;20;no tag;Reprodutivo;0.5;4.5;20.5;24.5;10.5;5;6.5;102.05;
;2;A;0;0;C4;20;10;no tag;Reprodutivo;5;4;25;14;12.3;5;5;78.5;
;2;A;0;0;C4;20;10;no tag;Reprodutivo;7.5;8.5;27.5;18.5;6.7;5;5;78.5;
;2;A;0;0;C4;20;10;no tag;Jovem ;4.5;4;24.5;14;5;5;5;78.5;
;2;A;0;0;D1;10;40;no tag;Reprodutivo;6.5;3;16.5;43;5.6;5.5;5;86.35;
;2;A;0;0;D2;10;30;no tag;Reprodutivo;6;2;16;32;10.4;7.2;9.1;205.7328;
;2;A;0;0;D3;10;20;no tag;Jovem ;0.5;2;10.5;22;7.3;5;5;78.5;
;2;A;0;0;D3;10;20;no tag;Jovem ;0.5;2;10.5;22;7.3;5;5;78.5;
;2;A;0;0;E1;0;40;no tag;Reprodutivo;5;6;5;46;12.2;7.5;6.9;162.495;
;2;A;0;0;E1;0;40;no tag;Reprodutivo;4;7;4;47;6.7;5.5;5;86.35;
;2;B;50;0;A3;20;40;no tag;Reprodutivo;9.5;8.5;79.5;48.5;9.1;6.1;5;95.77;
;2;B;50;0;A3;20;40;no tag;Reprodutivo;9.5;8.5;79.5;48.5;9.1;6.1;5;95.77;
;2;B;50;0;A3;20;40;no tag;Reprodutivo;8;3.5;78;43.5;10.8;5;5;78.5;
;2;B;50;0;A3;20;40;no tag;Reprodutivo;8;4.5;78;44.5;5.8;5;5;78.5;
;2;B;50;0;A3;20;40;no tag;Jovem ;4;7;74;47;8.8;5;5;78.5;
;2;B;50;0;A4;30;40;no tag;Jovem ;5;3.5;85;43.5;12.3;8.2;7.5;193.11;
;2;B;50;0;B1;0;30;no tag;Reprodutivo;5.5;4.5;55.5;34.5;9;5.5;5;86.35;
;2;B;50;0;B1;0;30;no tag;Reprodutivo;6;7;56;37;18.5;6;6;113.04;
;2;B;50;0;B1;0;30;no tag;Reprodutivo;7;7;57;37;7.3;5;5;78.5;
;2;B;50;0;B1;0;30;no tag;Jovem ;9;7;59;37;7.8;5.8;5.9;107.4508;
;2;B;50;0;B1;0;30;no tag;Reprodutivo;9;8;59;38;17.4;5.5;5.5;94.985;
;2;B;50;0;B1;0;30;no tag;Reprodutivo;7.5;9;57.5;39;15.4;5;5;78.5;
;2;B;50;0;B1;0;30;no tag;Reprodutivo;7.5;9;57.5;39;15.4;5;5;78.5;
;2;B;50;0;B1;0;30;no tag;Reprodutivo;7.5;9;57.5;39;15.4;5;5;78.5;
;2;B;50;0;B1;0;30;no tag;Reprodutivo;7.5;9;57.5;39;15.4;5;5;78.5;
;2;B;50;0;B1;0;30;no tag;Reprodutivo;0.5;4.5;50.5;34.5;13.6;7.6;7;167.048;
;2;B;50;0;B3;20;30;no tag;Reprodutivo;3;9.5;73;39.5;8.1;5.5;5;86.35;
;2;B;50;0;B4;30;30;no tag;Jovem ;4.5;1;84.5;31;5;5;5;78.5;
;2;B;50;0;B4;30;30;no tag;Reprodutivo;8;2;88;32;18;23;7.4;534.428;
;2;B;50;0;C2;10;20;no tag;Jovem ;8;5;68;25;11;5.5;5.5;94.985;
;2;B;50;0;C2;10;20;no tag;Jovem ;9;5;69;25;13.1;5;5;78.5;
;2;B;50;0;C2;10;20;no tag;Jovem ;9;5;69;25;13.1;5;5.3;83.21;
;2;B;50;0;C2;10;20;no tag;Reprodutivo;7.5;6.5;67.5;26.5;12.6;5.8;5.3;96.5236;
;2;B;50;0;C2;10;20;no tag;Reprodutivo;7.5;6.5;67.5;26.5;12.3;5.8;5.3;96.5236;
;2;B;50;0;C2;10;20;no tag;Reprodutivo;6.5;8;66.5;28;26.3;11.3;11.6;411.5912;
;2;B;50;0;C3;20;20;no tag;Reprodutivo;7;6.5;77;26.5;19.6;7;8.2;180.236;
;2;B;50;0;C4;30;20;no tag;Reprodutivo;8;4;88;24;6.3;5;5;78.5;
;2;B;50;0;C4;30;20;no tag;Reprodutivo;5;5;85;25;9.4;5.5;5.5;94.985;
;2;B;50;0;E1;0;10;no tag;Reprodutivo;7;6.5;57;16.5;13.1;5.1;5.6;89.6784;
;2;B;50;0;E1;0;10;no tag;Reprodutivo;9;8;59;18;13.4;5.9;5;92.63;
;2;B;50;0;E3;20;10;no tag;Reprodutivo;9;4;79;14;9.1;5;5;78.5;
;2;B;50;0;E3;20;10;no tag;Reprodutivo;9;6;79;16;10.1;5.8;5;91.06;
;2;B;50;0;E3;20;10;no tag;Reprodutivo;10;8;80;18;20.1;8.1;7.9;200.9286;
;2;B;50;0;E4;30;10;no tag;Reprodutivo;10;9;90;19;24.7;28;26.6;2338.672;
;2;C;0;50;B4;10;30;no tag;Reprodutivo;4.5;7.1;14.5;87.1;7.1;5;5;78.5;
;2;C;0;50;C3;20;20;no tag;Jovem ;4;8.5;24;78.5;11.8;5;5;78.5;
;2;C;0;50;C3;20;20;no tag;Jovem ;4.5;8.5;24.5;78.5;11.8;5;5;78.5;
;2;C;0;50;C3;20;20;no tag;Jovem ;4.5;8.5;24.5;78.5;11.8;5;5;78.5;
;2;C;0;50;C3;20;20;no tag;Jovem ;5;8.5;25;78.5;11.8;5;5;78.5;
;2;C;0;50;C3;20;20;no tag;Reprodutivo;2;1;22;71;14.2;5;5;78.5;
;2;C;0;50;C5;20;40;no tag;Jovem ;3.5;3.5;23.5;93.5;5;5;5;78.5;
;2;C;0;50;D1;30;0;no tag;Jovem ;5;9;35;59;5;5;5;78.5;
;2;C;0;50;D1;30;0;no tag;Jovem ;5.5;9;35.5;59;5;5;5;78.5;
;2;C;0;50;D1;30;0;no tag;Jovem ;8;3;38;53;5;5;5;78.5;
;2;C;0;50;D1;30;0;no tag;Jovem ;8.5;3.5;38.5;53.5;5;5;5;78.5;
;2;C;0;50;D1;30;0;no tag;Jovem ;6;5;36;55;5;5;5;78.5;
;2;C;0;50;D1;30;0;no tag;Jovem ;7.5;6;37.5;56;5;5;5;78.5;
;2;C;0;50;D1;30;0;no tag;Jovem ;8;9;38;59;5;5;5;78.5;
;2;C;0;50;D1;30;0;no tag;Jovem ;8.5;8.5;38.5;58.5;5;5;5;78.5;
;2;C;0;50;D5;30;40;no tag;Jovem ;4;4;34;94;14;5;5;78.5;
;2;C;0;50;D5;30;40;no tag;Jovem ;4;5;34;95;14.6;5.5;5.5;94.985;
;2;C;0;50;D5;30;40;no tag;Jovem ;4;8;34;98;10.4;5;5;78.5;
;2;C;0;50;E2;40;10;no tag;Jovem ;3;5;43;65;16.8;6.6;10.2;211.3848;
;2;C;0;50;E2;40;10;no tag;Jovem ;5;5;45;65;5.6;7.4;7;162.652;
;2;C;0;50;E3;40;20;no tag;Jovem ;8.5;4.5;48.5;74.5;11.7;5.5;5;86.35;
;2;C;0;50;E5;40;40;no tag;Jovem ;1;2;41;92;12.8;5;5;78.5;
;2;C;0;50;E5;40;40;no tag;Jovem ;2.5;2;42.5;92;5;5;5;78.5;
;2;C;0;50;E5;40;40;no tag;Jovem ;3;1.5;43;91.5;5;5;5;78.5;
;2;C;0;50;E5;40;40;no tag;Jovem ;4;1;44;91;5;5;5;78.5;
;2;D;50;50;A2;30;0;no tag;Reprodutivo;4;6.5;84;56.5;22.8;11.8;15.2;563.1904;
;2;D;50;50;A3;20;0;no tag;Reprodutivo;7.5;6;77.5;56;5;5;5;78.5;
;2;D;50;50;A5;0;0;no tag;Reprodutivo;1;3;51;53;18;5.5;5.5;94.985;
;2;D;50;50;A5;0;0;no tag;Reprodutivo;7.5;3.5;57.5;53.5;11.8;5.4;5;84.78;
;2;D;50;50;B1;40;10;no tag;Reprodutivo;6.5;1;96.5;61;5;5;5;78.5;
;2;D;50;50;B5;0;10;no tag;Jovem ;2;1;52;61;5;5;5;78.5;
;2;D;50;50;B5;0;10;no tag;Reprodutivo;7;5;57;65;10.9;5;5;78.5;
;2;D;50;50;B5;0;10;no tag;Reprodutivo;5.5;5;55.5;65;9.3;5;5;78.5;
;2;D;50;50;B5;0;10;no tag;Jovem ;7;8;57;68;6.7;5;5;78.5;
;2;D;50;50;C5;0;20;no tag;Reprodutivo;0.5;3;50.5;73;5;5;5;78.5;
;2;D;50;50;C5;0;20;no tag;Reprodutivo;0.5;3;50.5;73;5;5;5;78.5;
;2;D;50;50;E2;30;40;no tag;Jovem ;5;5.5;85;95.5;5;5;5;78.5;
;2;D;50;50;E2;30;40;no tag;Jovem ;4;6.5;84;96.5;5;5;5;78.5;
;2;B;50;0;A3;20;40;no tag;Reprodutivo;1;8;71;48;9.8;6.9;6;129.996;
;2;B;50;0;A3;20;40;no tag;Reprodutivo;1;8;71;48;9.8;6.9;6;129.996;
;2;B;50;0;A3;20;40;no tag;Reprodutivo;2.5;9.5;72.5;49.5;17.3;5;5;78.5;
;2;B;50;0;A3;20;40;no tag;Jovem ;3;9.5;73;49.5;5;5;5;78.5;
;2;B;50;0;A3;20;40;no tag;Reprodutivo;3.5;9.5;73.5;49.5;15.8;5;5;78.5;
;2;B;50;0;A3;20;40;no tag;Jovem ;4;9.5;74;49.5;12.2;5;5;78.5;
;2;B;50;0;A3;20;40;no tag;Reprodutivo;6;5;76;45;23.7;6.8;6.6;140.9232;
;2;B;50;0;A3;20;40;no tag;Reprodutivo;6;5;76;45;23.7;6.6;6.6;136.7784;
;2;B;50;0;A4;30;40;no tag;Jovem ;8;1;88;41;6.5;5;5;78.5;
;2;B;50;0;B2;10;30;no tag;adulto ano passado;6.5;5.5;66.5;35.5;21.2;25.11;29.4;2318.05476;
;2;B;50;0;C4;30;20;no tag;Reprodutivo;2;3;82;23;7.5;5.2;5.3;86.5384;
;2;B;50;0;C4;30;20;no tag;Reprodutivo;8;4;88;24;6.3;5;5;78.5;
;2;B;50;0;D2;10;10;no tag;Jovem ;1;5;61;15;11.1;5.5;5.5;94.985;
;2;B;50;0;D2;10;10;no tag;Jovem ;2;5;62;15;13.6;5;5;78.5;
;2;B;50;0;D2;10;10;no tag;Jovem ;2;5;62;15;13.6;5;5;78.5;
;2;B;50;0;D2;10;10;no tag;Reprodutivo;8;2;68;12;1.5;7;5.5;120.89;
;2;B;50;0;D2;10;10;no tag;Reprodutivo;8;2;68;12;15.7;5;5;78.5;
;2;B;50;0;D2;10;10;no tag;Reprodutivo;1;8.5;61;18.5;8;7.8;7.4;181.2408;
;2;B;50;0;E1;0;0;no tag;Reprodutivo;1.5;8;51.5;8;9.5;7.2;6.2;140.1696;
;2;B;50;0;E2;10;0;no tag;Morreu;0;1;60;1;na;na;na;#VALOR!;
;2;B;50;0;E2;10;0;no tag;Morreu;0.5;2;60.5;2;na;na;na;#VALOR!;
;2;B;50;0;D3;20;10;no tag;Reprodutivo;5;7;75;17;18.1;17.9;16.7;938.6402;
;2;C;0;50;A2;0;10;2043;Morreu;5;8;5;68;na;na;na;#VALOR!;
;2;C;0;50;C1;20;0;no tag;Jovem ;4;0.5;24;50.5;15.5;9.2;9.7;280.2136;
;2;C;0;50;C2;20;10;2039;Reprodutivo;6.5;3;26.5;63;22.3;23.8;20.3;1517.0596;
;2;C;0;50;C2;20;10;2037;Reprodutivo;5;7;25;67;30.2;41.4;38.4;4991.8464;
;2;C;0;50;C2;20;10;no tag;Jovem ;2;9;22;69;11.2;5.2;5;81.64;
;2;C;0;50;C2;20;10;no tag;Morreu;2;9;22;69;na;na;na;#VALOR!;
;2;C;0;50;C3;20;20;2038;Reprodutivo;7;10;27;80;38.8;39.6;34.1;4240.1304;
;2;C;0;50;C3;20;20;no tag;Jovem ;1.5;8.5;21.5;78.5;12.4;5;5;78.5;
;2;C;0;50;C3;20;20;no tag;Jovem ;4;8.5;24;78.5;11.8;5;5;78.5;
;2;C;0;50;C3;20;20;no tag;Jovem ;4.5;8.5;24.5;78.5;21.4;5;5;78.5;
;2;C;0;50;C3;20;20;no tag;Jovem ;4.5;8.5;24.5;78.5;11.8;5;5;78.5;
;2;C;0;50;C3;20;20;no tag;Jovem ;5;8.5;25;78.5;11.8;5;5;78.5;
;2;C;0;50;D4;30;30;no tag;Reprodutivo;2.5;3.5;32.5;83.5;7.8;5;5;78.5;
;2;C;0;50;D4;30;30;no tag;Reprodutivo;4;3;34;83;12;5;5;78.5;
;2;C;0;50;D4;30;30;no tag;Jovem ;6;4;36;84;5;5;5;78.5;
;2;C;0;50;D4;30;30;no tag;Jovem ;8;4;38;84;5;5;5;78.5;
;2;C;0;50;E2;40;10;no tag;adulto ano passado;8;4;48;64;23.1;29;27.6;2513.256;
;2;D;50;50;A2;30;0;no tag;Jovem ;7.5;3;87.5;53;8.9;5;5;78.5;
;2;D;50;50;A2;30;0;no tag;Jovem ;7.5;3;87.5;53;8.9;5;5;78.5;
;2;D;50;50;A2;30;0;no tag;Jovem ;7.5;3;87.5;53;8.9;8;6.6;165.792;
;2;D;50;50;A3;20;0;no tag;Jovem ;5.5;2;75.5;52;5;5;5;78.5;
;2;D;50;50;A3;20;0;no tag;Reprodutivo;6;2;76;52;5;5;5;78.5;
;2;D;50;50;A3;20;0;no tag;Reprodutivo;6;1.5;76;51.5;5;5;5;78.5;
;2;D;50;50;A3;20;0;no tag;Reprodutivo;5;6;75;56;5;5;5;78.5;
;2;D;50;50;A5;0;0;no tag;Morreu;1;3;51;53;na;na;na;#VALOR!;
;2;D;50;50;A5;0;0;no tag;Reprodutivo;1;3;51;53;8.1;5;5;78.5;
;2;D;50;50;B2;30;10;no tag;adulto ano passado;6.5;7.5;86.5;67.5;34;19.1;12.3;737.6802;
;2;D;50;50;B5;0;10;no tag;Morreu;1;2;51;62;na;na;na;#VALOR!;
;2;D;50;50;B5;0;10;no tag;Reprodutivo;2;0.5;52;60.5;8.6;5.5;5.5;94.985;
;2;D;50;50;B5;0;10;no tag;Reprodutivo;3;0.5;53;60.5;8.7;5.7;5.9;105.5982;
;2;D;50;50;B5;0;10;no tag;Reprodutivo;3.5;0.5;53.5;60.5;12.3;5.5;5.5;94.985;
;2;D;50;50;B5;0;10;no tag;Reprodutivo;8;2;58;62;8.6;5.5;5.5;94.985;
;2;D;50;50;B5;0;10;no tag;Reprodutivo;8.5;5;58.5;65;11.7;5;5;78.5;
;2;D;50;50;B5;0;10;no tag;Morreu;8;5;58;65;na;na;na;#VALOR!;
;2;D;50;50;D1;40;30;no tag;Jovem ;6;2;96;82;19.4;5.9;6;111.156;
;2;D;50;50;D1;40;30;no tag;Jovem ;7;4;97;84;5;5;5;78.5;
;2;D;50;50;D4;10;30;2044;Jovem ;1;4.5;61;84.5;22.3;22.1;22.1;1533.6074;
;2;D;50;50;E3;20;40;no tag;adulto ano passado;0.5;4;70.5;94;22.5;34.9;39.3;4306.7298;
;2;D;50;50;E4;10;40;no tag;Jovem ;2;8;62;98;8.4;5;5;78.5;
;2;D;50;50;E4;10;40;no tag;Jovem ;2;8;62;98;8.4;5;5;78.5;
;2;D;50;50;E4;10;40;no tag;Jovem ;2;8;62;98;8.4;5;5;78.5;
;2;D;50;50;E4;10;40;no tag;Jovem ;2;8;62;98;8.4;5;5;78.5;
;3;A;0;0;D1;10;40;no tag;Jovem ;1.5;6;11.5;46;25.4;20.7;16.8;1091.9664;
;3;B;50;0;A3;20;40;2051;Esqueleto;3.5;8;73.5;48;29.7;30.8;24.7;2388.7864;
;3;B;50;0;A5;40;40;2050;Esqueleto;1;2.5;91;42.5;5;5;5;78.5;
;3;B;50;0;A5;40;40;2055;Jovem ;6;9;96;49;18.9;22.1;15.7;1089.4858;
;3;B;50;0;E4;30;0;2049;Reprodutivo;7;1.5;87;1.5;34.2;98.1;85.9;26460.1206;
;3;C;0;50;A2;0;10;2054;Morreu;7.5;9.5;7.5;69.5;na;na;na;#VALOR!;
;3;D;50;50;A3;20;0;2061;Morreu;9;2;79;52;na;na;na;#VALOR!;
;3;D;50;50;A3;20;0;2058;Esqueleto;1;5;71;55;20.2;28.6;41.1;3690.9444;
;3;D;50;50;B1;40;10;2056;Jovem ;9;1;99;61;25.3;29.4;42.6;3932.6616;
;3;D;50;50;B3;20;10;no tag;Reprodutivo;2;5;72;65;9.8;5;5;78.5;
;3;D;50;50;D3;20;30;2057;Reprodutivo;4.5;2;74.5;82;34.6;28.4;37.4;3335.1824;
;3;D;50;50;D4;10;30;no tag;Reprodutivo;7.5;5;67.5;85;12.7;5;5;78.5;
;3;D;50;50;D4;10;30;no tag;Reprodutivo;8;5;68;85;22.1;6.6;5.5;113.982;
;3;D;50;50;D4;10;30;no tag;Reprodutivo;8.5;5.5;68.5;85.5;13.4;5;5;78.5;
;3;D;50;50;D4;10;30;no tag;Reprodutivo;10;8;70;88;20.2;6.2;5.7;110.9676;
;3;D;50;50;E4;10;40;2059;viva;2;6;62;96;40.5;42.9;37.1;4997.5926;
;3;D;50;50;E5;0;40;2060;viva;5;5;55;95;32.8;77.8;115.7;28264.5844;
;3;A;0;0;A1;40;40;no tag;Jovem ;5;5;45;45;9.1;5.2;5;81.64;
;3;A;0;0;B4;30;10;no tag;Jovem ;9;9.5;39;19.5;6.4;6.8;9.2;196.4384;
;3;B;50;0;A5;40;40;no tag;Jovem ;3;5;93;45;6;5;5;78.5;
;3;B;50;0;B1;0;30;no tag;Jovem ;2;5.5;52;35.5;5;5;5;78.5;
;3;B;50;0;D5;40;10;no tag;Reprodutivo;1;5;91;15;21;11.5;17.7;639.147;
;3;B;50;0;E3;20;0;no tag;Jovem ;1.5;3.5;71.5;3.5;13.4;7.6;6.8;162.2752;
;3;B;50;0;E3;20;0;no tag;Jovem ;2;4;72;4;10.3;8.7;6.9;188.4942;
;3;C;0;50;E1;40;0;no tag;Jovem ;7;8;47;58;5;5;5;78.5;
;3;D;50;50;A3;20;0;no tag;Reprodutivo;1.5;3.5;71.5;53.5;6.8;5;5;78.5;
;4;A;0;0;A3;40;20;2093;Esqueleto;4.5;4;44.5;24;17.2;13.3;10.6;442.6772;
;4;A;0;0;C1;20;40;2095;Morreu;8;6;28;46;na;na;na;#VALOR!;
;4;A;0;0;E2;0;30;2098;Jovem ;10;1.5;10;31.5;25.9;44.7;52.5;7368.795;
;4;B;50;0;A2;10;40;2076;Reprodutivo;7.5;8.5;67.5;48.5;22.4;19.9;23.1;1443.4266;
;4;B;50;0;A4;30;40;2071;Reprodutivo;8;0.5;88;40.5;22.9;18.1;28.7;1631.1358;
;4;B;50;0;A4;30;40;2072;Reprodutivo;4.5;3;84.5;43;17.8;36.9;32.4;3754.0584;
;4;B;50;0;A5;40;40;no tag;Jovem ;1.5;8;91.5;48;13.9;8.2;6.9;177.6612;
;4;B;50;0;B2;10;30;2075;Morreu;0.5;5.5;60.5;35.5;na;na;na;#VALOR!;
;4;B;50;0;B2;10;30;2070;Reprodutivo;4.5;9;64.5;39;16.6;23.5;23.2;1711.928;
;4;B;50;0;C3;20;20;2069;Esqueleto;1;8.5;71;28.5;26.3;8.1;28.7;729.9558;
;4;B;50;0;C5;40;20;2073;Morreu;na;na;na;na;na;na;na;#VALOR!;
;4;B;50;0;C5;40;20;2074;viva;5.5;7.5;95.5;27.5;19;18.9;15.2;902.0592;
;4;B;50;0;D3;20;10;2067;Morreu;5;4.5;75;14.5;na;na;na;#VALOR!;
;4;B;50;0;D5;40;10;2068;Esqueleto;1.5;2.5;91.5;12.5;24.7;86.4;32;8681.472;
;4;B;50;0;E2;10;0;2066;Esqueleto;2.5;9;62.5;9;10;20.5;10.5;675.885;
;4;C;0;50;A1;0;0;2082;Reprodutivo;4;8;4;58;16.6;8.6;7.4;199.8296;
;4;C;0;50;A2;0;10;2083;Jovem ;2;4;2;64;14.6;21.9;31.7;2179.8822;
;4;C;0;50;A3;0;20;no tag;Jovem ;5.5;6;5.5;76;9.2;5.2;5;81.64;
;4;C;0;50;A4;0;30;2080;Esqueleto;6;5.5;6;85.5;22.5;11;14.9;514.646;
;4;C;0;50;A4;0;30;2081;Esqueleto;3;4;3;84;12.9;36.7;41.4;4770.8532;
;4;C;0;50;B2;10;10;2079;Esqueleto;4;7.5;14;67.5;25.7;67;49.9;10497.962;
;4;C;0;50;C3;20;20;2078;viva;9.5;1.5;29.5;71.5;8.4;8.1;9.7;246.7098;
;4;D;50;50;C4;10;20;2089;Esqueleto;2.5;9;62.5;79;20.2;5;5;78.5;
;4;C;0;50;E3;40;20;2077;Jovem ;8;1;48;71;12.9;5;8.8;138.16;
;4;D;50;50;A1;40;0;no tag;Jovem ;3;3;93;53;7.1;5;5;78.5;
;4;D;50;50;A4;10;0;2092;Reprodutivo;5;5;65;55;14.5;37.2;42;4905.936;
;4;D;50;50;C3;20;20;2087;Reprodutivo;10;9;80;79;30.5;41.8;41;5381.332;
;4;D;50;50;D1;40;30;2085;Reprodutivo;6.5;7;96.5;87;32.4;37.6;40.3;4757.9792;
;4;D;50;50;D3;20;30;2086;Reprodutivo;5;7.5;75;87.5;48.8;112.4;121.6;42917.0176;
;4;D;50;50;E1;40;40;2084;Reprodutivo;0;3;90;93;31;40.1;70;8813.98;
;4;D;50;50;E1;40;40;no tag;Jovem ;3;0.5;93;90.5;9.6;5;5;78.5;
;4;D;50;50;E1;40;40;no tag;Jovem ;3;0.5;93;90.5;9.6;5;5;78.5;
;4;D;50;50;E1;40;40;no tag;Jovem ;3;0.5;93;90.5;9.6;5;5;78.5;
;4;D;50;50;E1;40;40;no tag;Jovem ;3;0.5;93;90.5;9.6;5;5;78.5;
;4;D;50;50;E1;40;40;no tag;Jovem ;3;0.5;93;90.5;9.6;5;5;78.5;
;4;D;50;50;E1;40;40;no tag;Jovem ;4.5;2;94.5;92;6.8;5;5;78.5;
;4;D;50;50;E1;40;40;no tag;Jovem ;4.5;2;94.5;92;5;5;5;78.5;
;4;D;50;50;E1;40;40;no tag;Reprodutivo;4.5;2;94.5;92;14.2;7.1;7.2;160.5168;
;4;D;50;50;E4;10;40;no tag;Jovem ;3;7;63;97;5;5;5;78.5;
;4;D;50;50;E4;10;40;no tag;Morreu;3;7;63;97;na;na;na;#VALOR!;
;4;D;50;50;E5;0;40;no tag;Reprodutivo;9;7.5;59;97.5;8;5;5;78.5;
;4;D;50;50;E5;0;40;2088;Reprodutivo;8;5;58;95;32.9;32.4;51.9;5280.0984;
;4;B;50;0;A2;10;40;no tag;Jovem ;7;9.5;67;49.5;5;5;5;78.5;
;4;B;50;0;A2;10;40;no tag;Jovem ;7;9.5;67;49.5;5;5;5;78.5;
;4;B;50;0;A5;40;40;no tag;Jovem ;8;2;98;42;7.8;15.5;12;584.04;
;4;D;50;50;B4;10;10;no tag;Jovem ;6;8.5;66;68.5;5;5;5;78.5;
;4;D;50;50;E1;40;40;no tag;Reprodutivo;4.5;2;94.5;92;7.5;5;5;78.5;
;4;D;50;50;D4;10;30;no tag;Jovem ;9;9.5;69;89.5;5;5;5;78.5;
;4;D;50;50;D4;10;30;no tag;Jovem ;9;9.5;69;89.5;5;5;5;78.5;
;4;D;50;50;D4;10;30;no tag;Jovem ;9;9.5;69;89.5;5;5;5;78.5;
;5;A;0;0;A1;40;40;2118;Esqueleto;0.5;8;40.5;48;39;60.9;51.7;9886.3842;
;5;A;0;0;A1;40;40;2117;Esqueleto;6;1.5;46;41.5;28.2;47.7;40.9;6125.9202;
;5;A;0;0;A3;40;20;2116;Reprodutivo;8;4;48;24;526.5;35.5;43.8;4882.386;
;5;A;0;0;A5;40;0;2119;Esqueleto;1.5;0.5;41.5;0.5;27.3;46;55.5;8016.42;
;5;A;0;0;B1;30;40;2099;Morreu;8;0;38;40;na;na;na;#VALOR!;
;5;A;0;0;B1;30;40;no tag;Morreu;5.5;2;35.5;42;na;na;na;#VALOR!;
;5;A;0;0;B1;30;40;no tag;Reprodutivo;5.5;2;35.5;42;5.5;5;5;78.5;
;5;A;0;0;B3;30;20;2115;Morreu;0.5;0.5;30.5;20.5;na;na;na;#VALOR!;
;5;A;0;0;B5;30;0;2110;Reprodutivo;6;0.5;36;0.5;37;65.7;57.7;11903.3946;
;5;A;0;0;B5;30;0;2111;Morreu;9;0;39;0;na;na;na;#VALOR!;
;5;A;0;0;B5;30;0;2113/2114;Reprodutivo;2;5;32;5;37.5;62;29.1;5665.188;
;5;A;0;0;B5;30;0;no tag;Reprodutivo;9.5;2.5;39.5;2.5;18.2;5;5;78.5;
;5;A;0;0;C2;20;30;2100;Reprodutivo;2;8.5;22;38.5;15;11.1;9.1;317.1714;
;5;A;0;0;C4;20;10;2109;viva;4;9.5;24;19.5;31;21.5;22.7;1532.477;
;5;A;0;0;C5;20;0;2108;Reprodutivo;8;1;28;1;43.2;37;73.4;8527.612;
;5;A;0;0;D4;10;10;2104;Esqueleto;5;6.5;15;16.5;37.3;18.4;18.5;1068.856;
;5;A;0;0;D5;10;0;2107;Esqueleto;2;1;12;1;19.3;11;8.2;283.228;
;5;A;0;0;E2;0;30;2102;Morreu;4;5.5;4;35.5;15;7.1;6.8;151.5992;
;5;A;0;0;E3;0;20;2105;Morreu;6.5;7.5;6.5;27.5;na;na;na;#VALOR!;
;5;A;0;0;E3;0;20;2103;Esqueleto;1.5;6.5;1.5;26.5;26.9;9.6;5;150.72;
;5;A;0;0;E5;0;0;2106;Esqueleto;3;4.5;3;4.5;3;47.2;62.8;9307.4624;
;5;B;50;0;A4;30;40;no tag;Morreu;0;8;80;48;na;na;na;#VALOR!;
;5;B;50;0;B1;0;30;no tag;Reprodutivo;4;5;54;35;14.9;10.1;10;317.14;
;5;B;50;0;B4;30;30;no tag;Morreu;4.5;6.5;84.5;36.5;na;na;na;#VALOR!;
;5;B;50;0;B4;30;30;no tag;Jovem ;4.5;6.5;84.5;36.5;5;5;5;78.5;
;5;B;50;0;B4;30;30;no tag;Jovem ;4.5;6.5;84.5;36.5;5;5;5;78.5;
;5;B;50;0;C1;0;20;2121;Morreu;5.5;7;55.5;27;na;na;na;#VALOR!;
;5;B;50;0;D2;10;10;2124;Morreu;3;8.5;63;18.5;na;na;na;#VALOR!;
;5;B;50;0;D2;10;10;no tag;Reprodutivo;1;7;61;17;15.1;11.1;9.1;317.1714;
;5;B;50;0;D4;30;10;no tag;Morreu;6.5;9;86.5;19;na;na;na;#VALOR!;
;5;B;50;0;D5;40;10;2123;Esqueleto;5;3.5;95;13.5;29.2;26.7;23.8;1995.3444;
;5;B;50;0;E1;0;0;2120;Reprodutivo;6;0.5;56;0.5;36.6;23.3;30;2194.86;
;5;B;50;0;D3;20;10;2122;Esqueleto;1.5;6.5;71.5;16.5;28.3;42.1;54;7138.476;
;5;B;50;0;E5;40;0;no tag;Morreu;6;1.5;96;1.5;na;na;na;#VALOR!;
;5;C;0;50;A1;0;0;2132;Morreu;5;9;5;59;na;na;na;#VALOR!;
;5;C;0;50;A1;0;0;no tag;Reprodutivo;9;8;9;58;10.9;7.1;5;111.47;
;5;C;0;50;A1;0;0;no tag;Reprodutivo;9;8;9;58;10.9;7.1;5;111.47;
;5;C;0;50;A1;0;0;no tag;Reprodutivo;9;8;9;58;10.9;7.1;5;111.47;
;5;C;0;50;A1;0;0;no tag;Reprodutivo;9;8;9;58;10.9;7.1;5;111.47;
;5;C;0;50;A1;0;0;no tag;Reprodutivo;9;8;9;58;10.9;7.1;5;111.47;
;5;C;0;50;A1;0;0;no tag;Reprodutivo;9;8;9;58;10.9;7.1;5;111.47;
;5;C;0;50;A1;0;0;no tag;Reprodutivo;7;8;7;58;10.1;7;5;109.9;
;5;C;0;50;A2;0;10;2131;Morreu;10;4.5;10;64.5;na;na;na;#VALOR!;
;5;C;0;50;A2;0;10;2129;viva;7;10;7;70;47;64.7;79.5;16151.061;
;5;C;0;50;A4;0;30;no tag;Reprodutivo;9;6;9;86;9.3;5;5;78.5;
;5;C;0;50;A4;0;30;no tag;Reprodutivo;8;8;8;88;10.1;5;5;78.5;
;5;C;0;50;B4;10;30;2065;Morreu;6.5;8.5;16.5;88.5;na;na;na;#VALOR!;
;5;C;0;50;C1;20;0;2128;Reprodutivo;8;1;28;51;10.9;17.5;11.8;648.41;
;5;C;0;50;C1;20;0;no tag;Reprodutivo;6.5;4.5;26.5;54.5;7.4;5;5;78.5;
;5;C;0;50;C1;20;0;no tag;Jovem ;6.5;4.5;26.5;54.5;9.2;5.5;7;120.89;
;5;C;0;50;C2;20;10;2127;Esqueleto;1;7;21;67;12;10.4;8;261.248;
;5;C;0;50;C2;20;10;2130;Esqueleto;1;3;21;63;13.4;19.6;9.6;590.8224;
;5;C;0;50;C2;20;10;no tag;Reprodutivo;9;2;29;62;15.8;14;16.8;738.528;
;5;C;0;50;C3;20;20;no tag;Jovem ;7;10;27;80;5;5;5;78.5;
;5;C;0;50;C4;20;30;2126;Reprodutivo;9;9;29;89;16.1;13.6;9.3;397.1472;
;5;C;0;50;C4;20;30;no tag;Jovem ;8;1;28;81;11.4;5.5;5;86.35;
;5;C;0;50;C4;20;30;no tag;Jovem ;7;1.5;27;81.5;5.7;5;5;78.5;
;5;C;0;50;C5;20;40;2125;Reprodutivo;6.5;5.5;26.5;95.5;40.9;66.8;59.5;12480.244;
;5;C;0;50;D1;30;0;no tag;Reprodutivo;4;1;34;51;14.8;6.8;8.9;190.0328;
;5;C;0;50;D2;30;10;no tag;Reprodutivo;5.5;5;35.5;65;13.7;5.8;5.7;103.8084;
;5;C;0;50;D3;30;20;no tag;Reprodutivo;7.5;8;37.5;78;20.3;5;5;78.5;
;5;C;0;50;D3;30;20;no tag;Reprodutivo;7.5;8;37.5;78;20.3;5;5;78.5;
;5;C;0;50;D3;30;20;no tag;Jovem ;7.5;8;37.5;78;5;5;5;78.5;
;5;C;0;50;D3;30;20;no tag;Morreu;7.5;8;37.5;78;na;na;na;#VALOR!;
;5;C;0;50;E1;40;0;no tag;Jovem ;3;5;43;55;13.9;5;5;78.5;
;5;C;0;50;E3;40;20;no tag;Reprodutivo;3;4.5;43;74.5;17.6;7.3;6.5;148.993;
;5;C;0;50;E3;40;20;2133;Esqueleto;7.5;5;47.5;75;46.3;59.3;47.9;8919.0758;
;5;C;0;50;E5;40;40;no tag;Jovem ;1.4;4.5;41.4;94.5;13.9;5.8;8.5;154.802;
;5;C;0;50;E5;40;40;no tag;Jovem ;3;6;43;96;13;5;5;78.5;
;5;D;50;50;A1;40;0;2137;Morreu;5;6;95;56;na;na;na;#VALOR!;
;5;D;50;50;A1;40;0;no tag;Reprodutivo;1.5;3;91.5;53;14.8;5;5;78.5;
;5;D;50;50;A1;40;0;no tag;Reprodutivo;1.5;3;91.5;53;14.8;5;5;78.5;
;5;D;50;50;A1;40;0;no tag;Jovem ;1.5;3;91.5;53;5;5;5;78.5;
;5;D;50;50;A2;30;0;2140;Morreu;8;8;88;58;na;na;na;#VALOR!;
;5;D;50;50;B1;40;10;2138;Morreu;6;5;96;65;na;na;na;#VALOR!;
;5;D;50;50;C1;40;20;2136;Reprodutivo;5.5;2;95.5;72;24.2;21.7;20.4;1390.0152;
;5;D;50;50;C3;20;20;no tag;Reprodutivo;6;6.5;76;76.5;31.6;16.3;14.7;752.3754;
;5;D;50;50;D3;20;30;2134;viva;5;5.5;75;85.5;65.2;89.3;89.8;25180.0996;
;5;D;50;50;E2;30;40;2139;Esqueleto;10;4;90;94;21.6;58.9;53.7;9931.6002;
;5;A;0;0;B4;30;10;no tag;Reprodutivo;2;2.5;32;12.5;16;9.7;10.1;307.6258;
;5;A;0;0;E3;0;20;no tag;Jovem ;4;1;4;21;5;5;5;78.5;
;5;A;0;0;E3;0;20;no tag;Jovem ;5.5;1;5.5;21;5;5;5;78.5;
;5;B;50;0;A1;0;40;no tag;Jovem ;7.5;5;57.5;45;5;5;5;78.5;
;5;B;50;0;A5;40;40;no tag;Jovem ;0.5;8;90.5;48;5;5;5;78.5;
;5;B;50;0;D3;10;20;no tag;Jovem ;3;8;63;28;5;5;5;78.5;
;5;B;50;0;D5;10;40;no tag;Jovem ;3;3;63;43;5;5;5;78.5;
;5;B;50;0;E5;0;40;no tag;Jovem ;0.5;5;50.5;45;5;5;5;78.5;
;5;C;0;50;A2;0;10;no tag;Reprodutivo;7;3.5;7;63.5;11;5;5;78.5;
;5;C;0;50;C2;20;10;no tag;Jovem ;6.5;3.5;26.5;63.5;5;5;5;78.5;
;5;C;0;50;C5;20;40;no tag;Reprodutivo;2.5;6;22.5;96;13.8;12.7;15.9;634.0602;
;5;C;0;50;D2;30;10;no tag;Jovem ;3;3;33;63;5;5;5;78.5;
;5;C;0;50;D2;30;10;no tag;Jovem ;4;9.5;34;69.5;5;5;5;78.5;
;5;C;0;50;E3;40;20;no tag;Jovem ;2;9;42;79;5;5;5;78.5;
;5;C;0;50;E3;40;20;no tag;Reprodutivo;10;3;50;73;15;5;5;78.5;
;5;C;0;50;E3;40;20;no tag;Reprodutivo;10;3.5;50;73.5;15;5;5;78.5;
;5;D;50;50;B2;30;10;no tag;Jovem ;5.5;6.5;85.5;66.5;5;5;5;78.5;
;5;D;50;50;C2;30;20;no tag;Jovem ;5.5;6.5;85.5;76.5;15.2;5.5;5;86.35;
;5;D;50;50;E1;40;40;no tag;Reprodutivo;4;1.5;94;91.5;6;5;5;78.5;
;5;D;50;50;E1;40;40;no tag;Jovem ;1;7.5;91;97.5;5;5;5;78.5;
;6;A;0;0;B2;30;30;no tag;Jovem ;9.5;0.5;39.5;30.5;13.5;11.3;9.3;329.9826;
;6;A;0;0;C1;20;40;2143;Morreu;2;4;22;44;na;na;na;#VALOR!;
;6;A;0;0;D4;10;10;no tag;Jovem ;1;3;11;13;12.2;5;5;78.5;
;6;A;0;0;D4;10;10;no tag;Jovem ;3;9.8;13;19.8;13.8;5;5;78.5;
;6;A;0;0;D4;10;10;no tag;Jovem ;3;9.8;13;19.8;13.8;5;5;78.5;
;6;A;0;0;E3;0;20;2142;Esqueleto;3.5;9.5;3.5;29.5;28.4;32.3;18.5;1876.307;
;6;A;0;0;E3;0;20;no tag;Reprodutivo;4;6;4;26;20.6;20.7;19.8;1286.9604;
;6;B;50;0;A5;40;40;2145;Reprodutivo;8.5;4;98.5;44;28.7;22.7;19.7;1404.1766;
;6;B;50;0;B5;40;30;2144;Morreu;2.5;1;92.5;31;na;na;na;#VALOR!;
;6;B;50;0;C4;30;20;no tag;Jovem ;1;8;81;28;26.2;21.4;19.3;1296.8828;
;6;C;0;50;B4;10;30;2150;Reprodutivo;5;10;15;90;35.8;44.2;50;6939.4;
;6;C;0;50;B4;10;30;2148;Esqueleto;3;2.5;13;82.5;19;10.3;13.2;426.9144;
;6;C;0;50;B5;10;40;no tag;Jovem ;9;2;19;92;19.2;5;5;78.5;
;6;C;0;50;C1;20;0;no tag;Jovem ;5.5;4;25.5;54;7.2;8.28;6.9;179.39448;
;6;C;0;50;D1;30;0;2147;Esqueleto;9;6;39;56;5;5;5;78.5;
;6;C;0;50;D2;30;10;2149;Esqueleto;5.5;6;35.5;66;12.9;9.5;19;566.77;
;6;C;0;50;E2;40;10;2151;Esqueleto;2;8;42;68;5;8.7;5.5;150.249;
;6;C;0;50;E3;40;20;no tag;Reprodutivo;10;3;50;73;21.6;16.2;15.4;783.3672;na borda
;6;D;50;50;C2;30;20;2152;Reprodutivo;7;8.5;87;78.5;24.2;53.2;51.2;8552.8576;
;6;D;50;50;C2;30;20;2153;Reprodutivo;1.5;4.5;81.5;74.5;21.6;32.4;35.1;3570.9336;
;6;D;50;50;D3;20;30;2154;Esqueleto;1.5;6;71.5;86;5;5;5;78.5;
;6;D;50;50;E1;40;40;no tag;Morreu;3;7.5;93;97.5;na;na;na;#VALOR!;
;6;D;50;50;E1;40;40;no tag;Morreu;4.5;8;94.5;98;na;na;na;#VALOR!;
;6;D;50;50;E3;20;40;no tag;Jovem ;4.5;7.5;74.5;97.5;25.8;37.5;30.1;3544.275;
;6;D;50;50;E3;20;40;no tag;Jovem ;6.5;6;76.5;96;14.3;13.6;13.3;567.9632;
;6;D;50;50;E3;20;40;no tag;Jovem ;9.5;5;79.5;95;18.1;19.4;17.5;1066.03;
;6;D;50;50;E4;10;40;no tag;Jovem ;1;4.5;61;94.5;10.9;7.7;8;193.424;
;6;D;50;50;E4;10;40;no tag;Jovem ;5;3.5;65;93.5;9.79;5;5;78.5;
;6;D;50;50;E5;0;40;no tag;Jovem ;8;6.5;58;96.5;7.25;5;5;78.5;
;6;D;50;50;E5;0;40;no tag;Jovem ;8;6.5;58;96.5;7.25;5;5;78.5;
;6;D;50;50;E5;0;40;no tag;Jovem ;9.5;8.5;59.5;98.5;7.5;5;5;78.5;
;6;D;50;50;E5;0;40;no tag;Jovem ;9.5;8.5;59.5;98.5;7.5;5;5;78.5;
;6;D;50;50;E5;0;40;no tag;Jovem ;9.5;8.5;59.5;98.5;14.3;5;5;78.5;
;6;D;50;50;E5;0;40;no tag;Jovem ;9.5;8.5;59.5;98.5;19.8;11;7.9;272.866;
;7;A;0;0;B1;30;40;2162;Esqueleto;0.5;6;30.5;46;18;41.9;34.3;4512.7138;
;7;A;0;0;B2;30;30;2160;Esqueleto;7;9;37;39;6.8;5.7;5.8;103.8084;
;7;A;0;0;B2;30;30;2159;adulto ano passado;8;7.5;38;37.5;26.7;11.4;10.9;390.1764;
;7;A;0;0;D3;10;20;no tag;Reprodutivo;2;3.5;12;23.5;31.3;16.9;15.7;578.4194;
;7;A;0;0;D3;10;20;no tag;Jovem ;8.5;1.5;18.5;21.5;22.4;5.7;5;280.9986;
;7;A;0;0;E2;0;30;no tag;Jovem ;4;10;4;40;na;na;na;na;
;7;A;0;0;E3;0;20;2155;Reprodutivo;3.5;8.5;3.5;28.5;44.4;24.4;21.4;1639.5824;
;7;A;0;0;E4;0;10;2156;Reprodutivo;7;3;7;13;25.3;28.3;22.4;1990.5088;
;7;B;50;0;A1;0;40;no tag;Jovem ;10;9;60;49;8.7;5;5;78.5;
;7;B;50;0;A2;10;40;no tag;Jovem ;2.5;1.5;62.5;41.5;11.4;5;5;78.5;
;7;B;50;0;A2;10;40;no tag;Jovem ;0.5;5.5;60.5;45.5;5;5;5;78.5;
;7;B;50;0;A3;20;40;2168;Esqueleto;0;0;70;40;40.1;41.8;34;4462.568;
;7;B;50;0;A3;20;40;2167;adulto ano passado;7.5;6;77.5;46;31.7;33.75;28.9;3062.6775;
;7;B;50;0;B3;20;30;2166;Esqueleto;0.5;2;70.5;32;32.8;59.3;30.2;5623.3004;
;7;B;50;0;B3;20;30;2165;adulto ano passado;6;8;76;38;34.3;18.5;20.4;1185.036;
;7;B;50;0;C1;0;20;no tag;Jovem ;8;7.5;58;27.5;13.9;6.3;6.1;120.6702;
;7;B;50;0;E1;0;0;2163;adulto ano passado;4.5;8.5;54.5;8.5;23.9;24.7;16.6;1287.4628;
;7;B;50;0;E5;40;0;2164;Reprodutivo;2.5;2.5;92.5;2.5;19.8;10.2;18.3;586.1124;
;7;C;0;50;A1;0;0;2173;Reprodutivo;1;9.5;1;59.5;36.2;24.1;32.4;2451.8376;
;7;C;0;50;A2;0;30;2172;Reprodutivo;0;8;0;88;48.9;46.02;39.3;5678.96004;
;7;C;0;50;A2;0;30;no tag;Jovem ;4;2;4;82;11.8;5;5;78.5;
;7;C;0;50;A3;0;20;2171;Reprodutivo;0;4.5;0;74.5;22.4;12.8;18.4;739.5328;
;7;C;0;50;C5;20;40;2169;Reprodutivo;3;3;23;93;23.1;22.3;16.8;1176.3696;
;7;D;50;50;A1;40;0;2175;Reprodutivo;5;0;95;50;49.3;45.4;47.3;6742.8988;
;7;D;50;50;A3;20;0;2176;Esqueleto;5;9;75;59;21.4;54.4;44.5;7601.312;
;7;D;50;50;A3;20;0;no tag;Jovem ;6;9;76;59;22.3;11.7;8.9;326.9682;
;7;D;50;50;B4;10;10;no tag;Reprodutivo;0.5;5;60.5;65;13.9;13.2;11.6;480.7968;
;7;D;50;50;C1;40;20;2174;Esqueleto;9;0;99;70;7.9;8.4;9.6;253.2096;
;8;A;0;0;A1;40;40;no tag;Jovem ;10;1;50;41;11.3;5;5;78.5;
;8;A;0;0;A5;40;0;2182;Morreu;8;7;48;7;na;na;na;na;
;8;A;0;0;A5;40;0;2181;Esqueleto;7.5;5;47.5;5;5;9.1;5;142.87;
;8;A;0;0;B5;30;0;2179;Morreu;8;5;38;5;na;na;na;na;
;8;A;0;0;B5;30;0;2180;Morreu;3;10;33;10;na;na;na;na;
;8;A;0;0;D3;10;20;2178;Reprodutivo;7;0.5;17;20.5;37.8;63.4;59.2;11785.2992;
;8;A;0;0;E2;0;30;2183;Reprodutivo;10;0.5;10;30.5;31.9;64.4;58.8;11890.3008;borda
;8;A;0;0;E2;0;30;2184;Esqueleto;10;8;10;38;1.3;20.5;15.1;971.987;borda
;8;B;50;0;B5;40;30;2185;Reprodutivo;5.5;7.5;95.5;37.5;42.7;108.6;16.8;5728.8672;
;8;B;50;0;C3;20;20;2186;Reprodutivo;10;7;80;27;38.3;96.1;75.1;22661.7254;entre c3 e d3
;8;B;50;0;D1;0;10;2187;Reprodutivo;9;6;59;16;15.21;15.6;18.1;886.6104;
;8;B;50;0;D3;20;10;no tag;Jovem ;0;2;70;12;11.2;5;5;78.5;
;8;B;50;0;D3;20;10;no tag;Jovem ;0;2;70;12;11.2;5;5;78.5;
;8;B;50;0;D3;20;10;no tag;Morreu;0;2;70;12;na;na;na;#VALOR!;
;8;B;50;0;D3;20;10;no tag;Morreu;0;2;70;12;na;na;na;#VALOR!;
;8;D;50;50;A5;0;0;2188;Morreu;1.5;0.5;51.5;50.5;na;na;na;#VALOR!;
;8;D;50;50;C5;0;20;2189;Esqueleto;1;6.5;51;76.5;5;5;5;78.5;
;9;A;0;0;A2;40;30;2195;Esqueleto;3.5;1;43.5;31;5;5;5;78.5;
;9;A;0;0;A5;40;0;no tag;Jovem ;1;1.5;41;1.5;6.4;5;5;78.5;
;9;A;0;0;B2;30;30;2194;Morreu;4.5;0.5;34.5;30.5;na;na;na;#VALOR!;
;9;A;0;0;B5;30;0;no tag;Reprodutivo;6.5;3;36.5;3;11.7;5;5;78.5;
;9;A;0;0;C1;20;40;no tag;Reprodutivo;1.5;1.5;21.5;41.5;11.3;5;5;78.5;
;9;A;0;0;C2;20;30;2193;Reprodutivo;7.5;4.5;27.5;34.5;26.3;33.17;23.9;2489.27582;
;9;A;0;0;C4;20;10;2191;Jovem ;9;2.5;29;12.5;1.5;8.8;8.1;223.8192;
;9;A;0;0;C4;20;10;no tag;Jovem ;3;2.5;23;12.5;11.5;5;5;78.5;
;9;A;0;0;C4;20;10;no tag;Jovem ;3;2.5;23;12.5;9;5;5;78.5;
;9;A;0;0;C5;20;0;2190;Esqueleto;6;5;26;5;15.7;6.4;5;100.48;
;9;A;0;0;D2;10;30;no tag;Reprodutivo;2;5;12;35;11.5;5;5;78.5;
;9;A;0;0;D3;10;20;2192;Esqueleto;8;8;18;28;5;5;5;78.5;
;9;A;0;0;E3;0;20;no tag;Reprodutivo;3;5;3;25;13.11;15;17.7;833.67;
;9;B;50;0;A3;20;40;2198;Morreu;3.5;7;73.5;47;na;na;na;#VALOR!;
;9;B;50;0;A3;20;40;2197;Morreu;4;1;74;41;na;na;na;#VALOR!;
;9;B;50;0;B1;0;30;2201;Esqueleto;5;2.5;55;32.5;21.6;6.8;7;149.464;
;9;B;50;0;B1;0;30;2200;Reprodutivo;2;2.5;52;32.5;23.3;30.1;34.6;3270.1844;
;9;B;50;0;B1;0;30;no tag;Jovem ;3;8.5;53;38.5;12.5;5;5;78.5;
;9;B;50;0;B2;10;30;no tag;Jovem ;1;1.5;61;31.5;8.4;5;5;78.5;
;9;B;50;0;B2;10;30;no tag;Jovem ;3;8;63;38;9.2;5;5;78.5;
;9;B;50;0;B2;10;30;no tag;Morreu;4;8;64;38;na;na;na;#VALOR!;
;9;B;50;0;B2;10;30;no tag;Reprodutivo;2.5;4.5;62.5;34.5;14.3;30.2;21.7;2057.7676;
;9;B;50;0;C2;10;20;2202;Reprodutivo;9.5;0.5;69.5;20.5;44.8;68.3;71.5;15334.033;
;9;B;50;0;C4;30;20;2196;Esqueleto;3;7;83;27;15.7;9.4;8.6;253.8376;
;9;B;50;0;D1;0;10;2199;Morreu;0;5.5;50;15.5;na;na;na;#VALOR!;
;9;B;50;0;D2;10;10;no tag;Reprodutivo;1.5;4;61.5;14;28.1;21.8;17.1;1170.5292;
;9;C;0;50;A1;0;0;2209;Morreu;7;2;7;52;na;na;na;#VALOR!;
;9;C;0;50;A2;0;10;no tag;Jovem ;0;8.5;0;68.5;5.9;5;5;78.5;
;9;C;0;50;A3;0;20;no tag;Jovem ;1;3;1;73;8.9;5;5;78.5;
;9;C;0;50;A3;0;20;no tag;Jovem ;1.5;4.5;1.5;74.5;6.5;5;5;78.5;
;9;C;0;50;A3;0;20;no tag;Jovem ;8;7.5;8;77.5;12.3;6.9;7.6;164.6616;
;9;C;0;50;B1;10;0;2208;Reprodutivo;10;6;20;56;32.8;53.7;58.9;9931.6002;
;9;C;0;50;B3;10;20;2207;Morreu;4;8.5;14;78.5;na;na;na;#VALOR!;é na vdd 2 indiv
;9;C;0;50;C1;20;0;no tag;Jovem ;3;1;23;51;6.8;5;5;78.5;
;9;C;0;50;D1;30;0;no tag;ind igual;9.5;7.5;39.5;57.5;na;na;na;#VALOR!;mesmo indi de 2203
;9;C;0;50;D1;30;0;2203;Jovem ;8.5;8.5;38.5;58.5;35.8;64.1;69.6;14008.6704;
;9;C;0;50;D2;30;10;no tag;Reprodutivo;4;4;34;64;22.2;29.6;26.35;2449.0744;
;9;C;0;50;D2;30;10;no tag;Reprodutivo;8;6.5;38;66.5;27.6;19;22.9;1366.214;
;9;C;0;50;D2;30;10;no tag;Reprodutivo;4;2;34;62;20.9;12.3;7.9;305.1138;
;9;C;0;50;D5;30;40;2206;Reprodutivo;5.5;10;35.5;100;34.7;33.7;35.6;3767.1208;
;9;C;0;50;E1;40;0;no tag;Jovem ;7;4.5;47;54.5;3.1;5;5;78.5;
;9;C;0;50;E1;40;0;no tag;Jovem ;6.5;7;46.5;57;6.3;5;5;78.5;
;9;C;0;50;E2 ;40;10;2204;Reprodutivo;4;4.5;44;64.5;32.4;31.6;27;2679.048;
;9;C;0;50;E2;40;10;no tag;Jovem ;10;4;50;64;12.6;5;5;78.5;
;9;C;0;50;E2;40;10;2205;Jovem ;10;6.5;50;66.5;17.3;48.9;24.9;3823.2954;
;9;D;50;50;A1;40;0;2214;Jovem ;9;9;99;59;18.7;22.6;28.9;2050.8596;
;9;D;50;50;A2;30;0;2218;Reprodutivo;5;1;85;51;27.5;40.9;49.7;6382.7722;
;9;D;50;50;A2;30;0;2217;Reprodutivo;8;6.5;88;56.5;28.5;39.7;47.3;5896.3234;
;9;D;50;50;A2;30;0;no tag;Morreu;6;0;86;50;na;na;na;#VALOR!;
;9;D;50;50;A3;20;0;no tag;Jovem ;9;9;79;59;13.6;7.7;6.7;161.9926;
;9;D;50;50;A3;20;0;2215;Reprodutivo;1;9.5;71;59.5;28.6;39.1;25.4;3118.4596;
;9;D;50;50;A3;20;0;2216;Reprodutivo;7;4.5;77;54.5;33.3;30.1;42.7;4035.7478;
;9;D;50;50;A5;0;0;2219;Morreu;0.5;7.5;50.5;57.5;na;na;na;#VALOR!;
;9;D;50;50;B1;40;10;no tag;Reprodutivo;3;1;93;61;15.9;5;5;78.5;
;9;D;50;50;B1;40;10;no tag;Jovem ;4;4;94;64;5.1;5;5;78.5;
;9;D;50;50;B1;40;10;no tag;Jovem ;5;4.5;95;64.5;7.4;5;5;78.5;
;9;D;50;50;B2;30;10;2225;Jovem ;4.5;6;84.5;66;15.9;16.1;17;859.418;
;9;D;50;50;B3;20;10;2223;Reprodutivo;2;1;72;61;8.6;5;5;78.5;
;9;D;50;50;B3;20;10;no tag;Jovem ;2.5;9.5;72.5;69.5;6;5;5;78.5;
;9;D;50;50;B3;20;10;no tag;Jovem ;2.5;9.5;72.5;69.5;6;5;5;78.5;
;9;D;50;50;D2;30;30;2211;Jovem ;1.5;8;81.5;88;7.4;5;5;78.5;
;9;D;50;50;D2;30;30;2222;Jovem ;8;6;88;86;19.1;18.7;25.1;1473.8218;
;9;D;50;50;D4;10;30;2224;Reprodutivo;5;6;65;86;25.5;22.9;23.3;1675.4098;
;9;D;50;50;E2;30;40;2221;Jovem ;5;8;85;98;11.3;9.3;8.9;259.8978;
;9;D;50;50;E3 ;20;40;2210;Jovem ;4;4.5;74;94.5;20.2;16;16.6;833.984;
;9;D;50;50;E3;20;40;2212;Reprodutivo;10;4;80;94;18.6;15;13.3;626.43;
;9;D;50;50;E3;20;40;2220;Morreu;1;0;71;90;na;na;na;#VALOR!;
;9;D;50;50;E3 ;20;40;no tag;Reprodutivo;4.5;2;74.5;92;16.7;11.1;11.1;386.8794;
;9;D;50;50;E5;0;40;2213;Reprodutivo;10;2;60;92;29.4;38.3;41.6;5002.8992;
;10;A;0;0;A2;40;30;no tag;Jovem ;3.5;4.5;43.5;34.5;13.2;11.2;12.3;432.5664;
;10;A;0;0;B5;30;0;no tag;Jovem ;4;5;34;5;12.9;13.9;11.7;510.6582;
;10;A;0;0;D1;10;40;no tag;Jovem ;3;4;13;44;7.1;5;5;78.5;
;10;B;50;0;D1;0;10;2226;Reprodutivo;6;5;56;15;27;15.2;11.4;544.0992;
;10;B;50;0;D1;0;10;2227;Reprodutivo;5.5;7;55.5;17;18.8;26.1;18.4;1507.9536;
;10;B;50;0;B4;30;30;2228;Esqueleto;3.5;3;83.5;33;11.2;8;8;200.96;
;10;C;0;50;B1;10;0;2229;Reprodutivo;8;0;18;50;23.6;16;23.7;1190.688;
;10;C;0;50;C1;20;0;no tag;Jovem ;1.5;8;21.5;58;9.3;12.9;12.4;502.2744;
;10;C;0;50;D2;30;10;2231;Jovem ;1.5;7.5;31.5;67.5;12.4;5;5;78.5;
;10;C;0;50;D3;30;20;2230;Morreu;0.5;3.5;30.5;73.5;na;na;na;#VALOR!;
;10;D;50;50;E5 ;0;40;2237;Reprodutivo;3;6;53;96;31.8;52;24.7;4033.016;
;10;D;50;50;D5;0;30;2236;Reprodutivo;5.5;10.5;55.5;90.5;38.1;50.7;47.5;7561.905;
;10;D;50;50;D5;0;30;2235;Jovem ;6;10;56;90;30.2;24.2;26.9;2044.0772;
;10;D;50;50;D5;0;30;2234;Morreu;5.5;1.5;55.5;81.5;na;na;na;#VALOR!;
;10;D;50;50;A5;0;0;2233;Esqueleto;8.5;6;58.5;56;16.3;5;5;78.5;
;6;A;0;0;D4;10;10;no tag;Jovem ;5.5;8;15.5;18;5;5;5;78.5;
;6;A;0;0;E4;0;10;no tag;Jovem ;10;4;10;14;8.7;5;5;78.5;
;6;B;50;0;D3;20;10;no tag;Jovem ;1;6.5;71;16.5;6.1;5;5;78.5;
;6;D;50;50;C2;30;20;no tag;Reprodutivo;4;4;84;74;14.3;5;5;78.5;
;6;D;50;50;C2;30;20;no tag;Reprodutivo;4;4;84;74;14.3;5;5;78.5;
;6;D;50;50;C3;20;20;no tag;Jovem ;7.5;7;77.5;77;6.8;5;5;78.5;
;6;D;50;50;C3;20;20;no tag;Jovem ;9.5;7.5;79.5;77.5;9;5;5;78.5;
;6;D;50;50;D4;10;30;no tag;Jovem ;5;4;65;84;6.7;6.5;10.5;214.305;
;6;D;50;50;E4;10;40;no tag;Jovem ;3;3.5;63;93.5;7.7;5;5;78.5;
;6;D;50;50;E5;0;40;no tag;Jovem ;7;0;57;90;4.4;5;5;78.5;
;6;D;50;50;E5;0;40;no tag;Jovem ;7;2;57;92;5.5;5;5;78.5;
;6;D;50;50;E5;0;40;no tag;Jovem ;8.5;2;58.5;92;10.9;5;5;78.5;
;6;D;50;50;E5;0;40;no tag;Jovem ;9;9.5;59;99.5;16.9;6.8;9.1;194.3032;
;7;A;0;0;A3;40;20;no tag;Jovem ;9;7;49;27;13.8;5;6.1;95.77;
;7;A;0;0;C1;20;40;no tag;Jovem ;2.5;8;22.5;48;12.2;5;5;78.5;
;7;A;0;0;D4;10;10;no tag;Jovem ;8;9;18;19;18.8;5;5;78.5;
;7;A;0;0;E2;0;30;no tag;Jovem ;6;7.5;6;37.5;14.3;5;5;78.5;
;7;C;0;50;C2;30;10;no tag;Jovem ;1.5;6.5;31.5;66.5;11.5;5;5;78.5;
;7;D;50;50;E4;40;30;no tag;Jovem ;4;2;94;82;7.8;5;5;78.5;
;7;D;50;50;E4;40;30;no tag;Jovem ;2.5;6;92.5;86;6.1;5;5;78.5;
;7;D;50;50;E4;40;30;no tag;Jovem ;7.5;6.5;97.5;86.5;5.9;5;5;78.5;
;8;A;0;0;D2;10;30;no tag;Jovem ;9.5;6;19.5;36;11.3;5;5;78.5;
;8;B;50;0;B3;30;20;no tag;Jovem ;6;2;86;22;6.7;5;5;78.5;
;9;A;0;0;A4;40;10;no tag;Esqueleto;1;8.5;41;18.5;na;na;na;#VALOR!;
;9;A;0;0;C4;20;10;no tag;Jovem ;1;7;21;17;4.4;5;5;78.5;
;9;B;50;0;D2;30;10;no tag;Jovem ;8.5;0;88.5;10;13.1;5;5;78.5;
;9;B;50;0;D2;30;10;no tag;Jovem ;4;6;84;16;9;5;5;78.5;
;9;B;50;0;D3;30;10;no tag;Jovem ;6;2.5;86;12.5;14.8;5;5;78.5;
;9;B;50;0;A4;30;40;no tag;Jovem ;8;3;88;43;6.9;5;5;78.5;
;9;D;50;50;B1;40;10;no tag;Jovem ;9;1;99;61;16.9;7.7;7.5;181.335;
;9;D;50;50;B2;30;10;no tag;Jovem ;1.5;3.5;81.5;63.5;8.6;5;5;78.5;
;9;D;50;50;E3;20;40;no tag;Jovem ;7;6;77;96;4.4;5;5;78.5;
;9;D;50;50;E3;20;40;no tag;Jovem ;7;6;77;96;4.4;5;5;78.5;
;ext;na;na;na;?;na;na;2238;Esqueleto;na;na;na;na;29.4;58.1;35.6;6494.6504;
;ext;na;na;na;NEXT P7;na;na;2177;Reprodutivo;na;na;na;na;63.1;154.5;134.6;65298.498;
;ext;na;na;na;NEXT P2;na;na;2045;Esqueleto;na;na;na;na;53.9;79.2;72.9;18129.3552;
;ext;na;na;na;NEXT P3;na;na;2064;Reprodutivo;na;na;na;na;46.3;109.3;133.1;45680.1862;
;ext;na;na;na;next  P5;na;na;2141;Reprodutivo;na;na;na;na;60.6;87.2;38.3;10486.8464;
;ext;na;na;na;NEXT P3;na;na;2102;Reprodutivo;na;na;na;na;42.6;140.6;76.9;33950.1196;
;ext;na;na;na;?;na;na;na;not found;na;na;na;na;na;na;na;#VALOR!;
