"","Plot","Quad","Q_Yellow","TAG","1stYear","Status0","X_10","Y_10","alt0","dia_x0","dia_y0","alt","dia_x","dia_y","Status","ObsNEXT","Obs0","size","size_next","repro","survival","id"
"1","1","A","D4","no tag",2023,"Jovem",2,9,11.1,7.6,7.3,24,14,9,NA,"Anteriormente registrado como x=1 e y=1","Menor classe de diametro = 5mm",7.45,11.5,0,0,1
"2","1","B","A5","no tag",2023,"Reprodutivo",0.5,7,17.9,5.6,8.5,17,5,8,NA,"Status não registrado. Provavelmente jovem","Todas medidas de tamanhho em mm",7.05,6.5,1,0,2
"3","1","B","A5","no tag",2023,"Jovem",4,5,12.6,5,5,NA,NA,NA,"Morreu",NA,NA,5,NA,0,0,3
"4","1","B","A5","no tag",2023,"Jovem",4,5,8.2,10.2,20.5,NA,NA,NA,"Morreu",NA,NA,15.35,NA,0,0,4
"5","1","B","A5","2010",2022,"Reprodutivo",6,3,29.2,51.2,37.2,24,15,23,"Morreu",NA,NA,44.2,19,1,0,5
"6","1","B","B1","2006",2022,"Reprodutivo",6,4,45,43.1,36.9,43,32,26,"Morreu",NA,NA,40,29,1,0,6
"7","1","B","C2","no tag",2023,"Reprodutivo",3,7,18,6.7,5.5,17,7,6,"Jovem",NA,NA,6.1,6.5,1,1,7
"8","1","B","C2","no tag",2023,"Jovem",5,7,18,7.1,6.7,16,5,5,"Morreu",NA,NA,6.9,5,0,0,8
"9","1","B","C2","no tag",2023,"Jovem",2,8,18,6.5,6.5,NA,NA,NA,"Morreu",NA,NA,6.5,NA,0,0,9
"10","1","B","C2","no tag",2023,"Jovem",2,8,18,6.5,6.5,5,5,5,"Jovem",NA,NA,6.5,5,0,1,10
"11","1","B","D3","2003",2022,"Jovem",4,10,20.4,26.5,19.9,NA,NA,NA,"Morreu","Tirou tag",NA,23.2,NA,0,0,11
"12","1","B","D4","2000",2022,"Reprodutivo",6,4,25.6,21.4,35.9,NA,NA,NA,"Morreu","Tirou tag",NA,28.65,NA,1,0,12
"13","1","C","A3","no tag",2022,"Reprodutivo",3.5,7,7.7,5,5,NA,NA,NA,"Morreu",NA,NA,5,NA,1,0,13
"14","1","C","C1","2009",2022,"Reprodutivo",5,2.5,24.3,17.1,20,NA,NA,NA,"Morreu","Tirou tag",NA,18.55,NA,1,0,14
"15","1","C","C2","no tag",2022,"Reprodutivo",3,9,27.4,27.2,37,28,16,28,"Morreu",NA,NA,32.1,22,1,0,15
"16","1","D","D5","2012",2022,"Jovem",9,6,51.5,28.4,18.2,20,14,10,"Reprodutivo","Reprodutivo/Botão",NA,23.3,12,0,1,16
"17","1","B","E2","no tag",2023,"Jovem",2,7,24.9,23.2,17.3,32,23,20,"Reprodutivo","Anteriormente registrado como x=4 e y=1.5.  Reprodutivo/Botão",NA,20.25,21.5,0,1,17
"18","1","B","D4","no tag",2023,"Jovem",3,5.5,7.5,5,5,NA,NA,NA,"Morreu",NA,NA,5,NA,0,0,18
"19","1","D","E5","no tag",2023,"Jovem",9.5,5,15,7.7,9,24,8,7,NA,"Status não registrado. Provavelmente jovem",NA,8.35,7.5,0,0,19
"20","1","B","A5","No tag",2024,NA,4,4.5,NA,NA,NA,5,5,5,"Jovem",NA,NA,NA,5,NA,1,20
"21","1","B","A5","no tag",2024,NA,4,5.5,NA,NA,NA,5,5,5,"Jovem",NA,NA,NA,5,NA,1,21
"22","1","B","A5","no tag",2024,NA,4.5,6,NA,NA,NA,5,5,5,"Jovem",NA,NA,NA,5,NA,1,22
"23","1","D","D5","no tag",2024,NA,8,6,NA,NA,NA,17,5,5,"Jovem",NA,NA,NA,5,NA,1,23
"24","2","A","A2","no tag",2022,"Reprodutivo",1.5,5.5,21.8,5,5,NA,NA,NA,"Morreu",NA,NA,5,NA,1,0,24
"25","2","A","A2","no tag",2023,"Reprodutivo",6.5,8,17.7,5.8,5.5,22,5,14,"Reprodutivo",NA,NA,5.65,9.5,1,1,25
"26","2","A","A3","2030",2022,"Reprodutivo",9,9.5,37.4,27.8,24.6,NA,NA,NA,"Morreu",NA,NA,26.2,NA,1,0,26
"27","2","A","A3","no tag",2023,"Jovem",4,4.5,17.6,5,5,NA,NA,NA,"Morreu",NA,NA,5,NA,0,0,27
"28","2","A","A3","no tag",2023,"Reprodutivo",3,8,32.7,15.1,10.5,NA,NA,NA,"Morreu",NA,NA,12.8,NA,1,0,28
"29","2","A","A4","2023",2022,"Reprodutivo",9,5,45.3,30.9,59.7,30,23,35,"Morreu",NA,NA,45.3,29,1,0,29
"30","2","A","A4","no tag",2023,"Jovem",1,4,7.6,5,5,NA,NA,NA,"Morreu",NA,NA,5,NA,0,0,30
"31","2","A","A4","no tag",2023,"Jovem",1,4,7.6,5,5,NA,NA,NA,"Morreu",NA,NA,5,NA,0,0,31
"32","2","A","A4","no tag",2023,"Jovem",3,5.5,5,5,5,NA,NA,NA,"Morreu",NA,NA,5,NA,0,0,32
"33","2","A","A5","no tag",2023,"Jovem",7,4.5,5.9,5,5,NA,NA,NA,"Morreu",NA,NA,5,NA,0,0,33
"34","2","A","A5","no tag",2023,"Reprodutivo",7,4.5,5.9,5,5,NA,NA,NA,"Morreu",NA,NA,5,NA,1,0,34
"35","2","A","A5","no tag",2023,"Jovem",5,8.5,5,5,5,NA,NA,NA,"Morreu",NA,NA,5,NA,0,0,35
"36","2","A","B2","no tag",2023,"Reprodutivo",2.5,9,8.7,5,5,NA,NA,NA,"Morreu",NA,NA,5,NA,1,0,36
"37","2","A","B2","no tag",2023,"Jovem",2.5,5,10,5,5,NA,NA,NA,"Morreu",NA,NA,5,NA,0,0,37
"38","2","A","B2","no tag",2023,"Jovem",3,5,10,5,5,NA,NA,NA,"Morreu",NA,NA,5,NA,0,0,38
"39","2","A","B2","no tag",2023,"Jovem",2,6.5,11.4,5,5,NA,NA,NA,"Morreu",NA,NA,5,NA,0,0,39
"40","2","A","B3","no tag",2023,"Jovem",2.5,0.5,5,5,5,NA,NA,NA,"Morreu",NA,NA,5,NA,0,0,40
"41","2","A","B3","2871",2023,"Jovem",1.5,2,5,5,5,25,15,13,"Reprodutivo","Ganhou tag em 2024 (#2871)",NA,5,14,0,1,41
"42","2","A","B3","no tag",2023,"Jovem",0.5,6,5.1,5,5,NA,NA,NA,"Morreu",NA,NA,5,NA,0,0,42
"43","2","A","B3","no tag",2023,"Reprodutivo",4.5,3,5,5,55,NA,NA,NA,"Morreu",NA,NA,30,NA,1,0,43
"44","2","A","B5","no tag",2023,"Jovem",6,6.5,5,5,5,5,5,5,"Jovem",NA,NA,5,5,0,1,44
"45","2","A","B5","no tag",2023,"Jovem",6,6.5,5,5,5,NA,NA,NA,"Morreu",NA,NA,5,NA,0,0,45
"46","2","A","B5","no tag",2023,"Jovem",6,6.5,5,5,5,NA,NA,NA,"Morreu",NA,NA,5,NA,0,0,46
"47","2","A","B5","no tag",2023,"Jovem",6,6.5,10.6,5,5,NA,NA,NA,"Morreu",NA,NA,5,NA,0,0,47
"48","2","A","B5","no tag",2023,"Jovem",6,6,5,5,5,5,5,5,"Jovem",NA,NA,5,5,0,1,48
"49","2","A","B5","no tag",2023,"Reprodutivo",9,8,16.9,6.2,5,NA,NA,NA,"Morreu",NA,NA,5.6,NA,1,0,49
"50","2","A","B5","2875",2023,"Reprodutivo",9.5,6.5,10.8,5.5,5.5,25,34,17,"Reprodutivo","Recebeu tag em 2024 (#2875)
Status não registrado. Jovem? Preferi repetir o status anterior, no caso, reprodutivo",NA,5.5,25.5,1,1,50
"51","2","A","B5","no tag",2023,"Jovem",4.5,8,5,5,5,NA,NA,NA,"Morreu",NA,NA,5,NA,0,0,51
"52","2","A","B5","no tag",2023,"Jovem",3,3,5,5,55,NA,NA,NA,"Morreu",NA,NA,30,NA,0,0,52
"53","2","A","B5","no tag",2023,"Jovem",3,3,5,5,5,NA,NA,NA,"Morreu",NA,NA,5,NA,0,0,53
"54","2","A","C1","no tag",2023,"Reprodutivo",8.5,2,12.7,5,5,NA,NA,NA,"Morreu",NA,NA,5,NA,1,0,54
"55","2","A","C1","no tag",2023,"Jovem",5,3,5,5,5,NA,NA,NA,"Morreu",NA,NA,5,NA,0,0,55
"56","2","A","C1","no tag",2023,"Reprodutivo",4,3.5,10.2,5.9,5.5,NA,NA,NA,"Morreu",NA,NA,5.7,NA,1,0,56
"57","2","A","C3","no tag",2023,"Reprodutivo",0.5,4.5,10.5,5,6.5,NA,NA,NA,"Morreu",NA,NA,5.75,NA,1,0,57
"58","2","A","C4","no tag",2023,"Jovem",3.5,5,5,5,5,NA,NA,NA,"Morreu",NA,NA,5,NA,0,0,58
"59","2","A","C4","no tag",2023,"Reprodutivo",5,4,12.3,5,5,NA,NA,NA,"Morreu",NA,NA,5,NA,1,0,59
"60","2","A","C4","no tag",2023,"Reprodutivo",7.5,8.5,6.7,5,5,NA,NA,NA,"Morreu",NA,NA,5,NA,1,0,60
"61","2","A","C4","no tag",2023,"Jovem",4.5,4,5,5,5,NA,NA,NA,"Morreu",NA,NA,5,NA,0,0,61
"62","2","A","C5","no tag",2023,"Jovem",4.5,6,5,5,5,NA,NA,NA,"Morreu",NA,NA,5,NA,0,0,62
"63","2","A","D1","no tag",2023,"Reprodutivo",2,8,8.7,5,5,NA,NA,NA,"Morreu",NA,NA,5,NA,1,0,63
"64","2","A","D1","no tag",2023,"Reprodutivo",6.5,3,5.6,5.5,5,NA,NA,NA,"Morreu",NA,NA,5.25,NA,1,0,64
"65","2","A","D2","no tag",2023,"Reprodutivo",6,2,10.4,7.2,9.1,NA,NA,NA,"Morreu",NA,NA,8.15,NA,1,0,65
"66","2","A","D3","no tag",2023,"Jovem",0.5,2,7.3,5,5,NA,NA,NA,"Morreu",NA,NA,5,NA,0,0,66
"67","2","A","D3","no tag",2023,"Jovem",0.5,2,1.3,5,5,NA,NA,NA,"Morreu",NA,NA,5,NA,0,0,67
"68","2","A","D3","no tag",2023,"Jovem",0.5,2,7.3,5,5,NA,NA,NA,"Morreu",NA,NA,5,NA,0,0,68
"69","2","A","D3","no tag",2023,"Jovem",0.5,2,7.3,5,5,NA,NA,NA,"Morreu",NA,NA,5,NA,0,0,69
"70","2","A","E1","2029",2022,"Reprodutivo",10,4,36.4,23.2,28.3,NA,NA,NA,"Morreu","Esqueleto sem placa",NA,25.75,NA,1,0,70
"71","2","A","E1","no tag",2023,"Reprodutivo",6,8,11.1,7.8,7.4,NA,NA,NA,"Morreu",NA,NA,7.6,NA,1,0,71
"72","2","A","E1","no tag",2023,"Reprodutivo",5,6.5,9.7,7.4,6.5,25,27,22,"Reprodutivo",NA,NA,6.95,24.5,1,1,72
"73","2","A","E1","no tag",2022,"Reprodutivo",1.5,5.5,24.2,20.3,15.2,NA,NA,NA,"Morreu",NA,NA,17.75,NA,1,0,73
"74","2","A","E1","no tag",2023,"Reprodutivo",5,6,12.2,7.5,6.9,NA,NA,NA,"Morreu",NA,NA,7.2,NA,1,0,74
"75","2","A","E1","no tag",2023,"Reprodutivo",4,7,6.7,5.5,5,NA,NA,NA,"Morreu",NA,NA,5.25,NA,1,0,75
"76","2","B","A3","no tag",2023,"Reprodutivo",9.5,8.5,9.1,6.1,5,NA,NA,NA,"Morreu",NA,NA,5.55,NA,1,0,76
"77","2","B","A3","no tag",2023,"Reprodutivo",9.5,8.5,9.1,6.1,5,11,5,5,"Jovem",NA,NA,5.55,5,1,1,77
"78","2","B","A3","no tag",2023,"Reprodutivo",8,3.5,10.8,5,5,NA,NA,NA,"Morreu",NA,NA,5,NA,1,0,78
"79","2","B","A3","no tag",2023,"Reprodutivo",8,4.5,5.8,5,5,NA,NA,NA,"Morreu",NA,NA,5,NA,1,0,79
"80","2","B","A3","no tag",2023,"Jovem",4,7,8.8,5,5,NA,NA,NA,"Morreu",NA,NA,5,NA,0,0,80
"81","2","B","A3","no tag",2023,"Reprodutivo",1,8,9.8,6.9,6,NA,NA,NA,"Morreu",NA,NA,6.45,NA,1,0,81
"82","2","B","A3","no tag",2023,"Reprodutivo",1,8,9.8,6.9,6,NA,NA,NA,"Morreu",NA,NA,6.45,NA,1,0,82
"83","2","B","A3","no tag",2023,"Reprodutivo",2.5,9.5,17.3,5,5,NA,NA,NA,"Morreu",NA,NA,5,NA,1,0,83
"84","2","B","A3","no tag",2023,"Jovem",3,9.5,5,5,5,NA,NA,NA,"Morreu",NA,NA,5,NA,0,0,84
"85","2","B","A3","no tag",2023,"Reprodutivo",3.5,9.5,15.8,5,5,NA,NA,NA,"Morreu",NA,NA,5,NA,1,0,85
"86","2","B","A3","no tag",2023,"Jovem",4,9.5,12.2,5,5,NA,NA,NA,"Morreu",NA,NA,5,NA,0,0,86
"87","2","B","A3","no tag",2023,"Reprodutivo",6,5,23.7,6.8,6.6,NA,NA,NA,"Morreu",NA,NA,6.7,NA,1,0,87
"88","2","B","A3","no tag",2023,"Reprodutivo",6,5,23.7,6.6,6.6,NA,NA,NA,"Morreu",NA,NA,6.6,NA,1,0,88
"89","2","B","A4","no tag",2023,"Jovem",5,3.5,12.3,8.2,7.5,12.3,8.2,7.5,"Jovem","Status não registrado. Jovem?",NA,7.85,7.85,0,1,89
"90","2","B","A4","no tag",2023,"Jovem",8,1,6.5,5,5,NA,NA,NA,"Morreu",NA,NA,5,NA,0,0,90
"91","2","B","B1","no tag",2023,"Reprodutivo",5.5,4.5,9,5.5,5,NA,NA,NA,"Morreu",NA,NA,5.25,NA,1,0,91
"92","2","B","B1","no tag",2023,"Reprodutivo",6,7,18.5,6,6,NA,NA,NA,"Morreu",NA,NA,6,NA,1,0,92
"93","2","B","B1","no tag",2023,"Reprodutivo",7,7,7.3,5,5,NA,NA,NA,"Morreu",NA,NA,5,NA,1,0,93
"94","2","B","B1","no tag",2023,"Jovem",9,7,7.8,5.8,5.9,7.8,5.8,5.9,"Jovem",NA,NA,5.85,5.85,0,1,94
"95","2","B","B1","no tag",2023,"Reprodutivo",9,8,17.4,5.5,5.5,16,5,5,"Reprodutivo",NA,NA,5.5,5,1,1,95
"96","2","B","B1","no tag",2023,"Reprodutivo",7.5,9,15.4,5,5,5,5,5,"Jovem",NA,NA,5,5,1,1,96
"97","2","B","B1","no tag",2023,"Reprodutivo",7.5,9,15.4,5,5,5,5,5,"Jovem",NA,NA,5,5,1,1,97
"98","2","B","B1","no tag",2023,"Reprodutivo",7.5,9,15.4,5,5,5,5,5,"Jovem",NA,NA,5,5,1,1,98
"99","2","B","B1","no tag",2023,"Reprodutivo",7.5,9,15.4,5,5,5,5,5,"Jovem",NA,NA,5,5,1,1,99
"100","2","B","B1","no tag",2023,"Reprodutivo",0.5,4.5,13.6,7.6,7,NA,NA,NA,"Morreu",NA,NA,7.3,NA,1,0,100
"101","2","B","B2","no tag",2022,"Reprodutivo",6.5,5.5,21.2,25.11,29.4,21,35,31,"Reprodutivo","Recebeu tag em 2024 (#2893)
Altura não informada. Repeti a do ano anterior (2023)","adulto no tag, ano passado",27.255,33,1,1,101
"102","2","B","B3","no tag",2023,"Reprodutivo",3,9.5,8.1,5.5,5,NA,NA,NA,"Morreu",NA,NA,5.25,NA,1,0,102
"103","2","B","B4","no tag",2023,"Jovem",4.5,1,5,5,5,NA,NA,NA,"Morreu",NA,NA,5,NA,0,0,103
"104","2","B","B4","no tag",2023,"Reprodutivo",8,2,18,23,7.4,NA,NA,NA,"Morreu",NA,NA,15.2,NA,1,0,104
"105","2","B","C2","no tag",2023,"Jovem",8,5,11,5.5,5.5,NA,NA,NA,"Morreu",NA,NA,5.5,NA,0,0,105
"106","2","B","C2","no tag",2023,"Jovem",9,5,13.1,5,5,NA,NA,NA,"Morreu",NA,NA,5,NA,0,0,106
"107","2","B","C2","no tag",2023,"Jovem",9,5,13.1,5,5.3,NA,NA,NA,"Morreu",NA,NA,5.15,NA,0,0,107
"108","2","B","C2","no tag",2023,"Reprodutivo",7.5,6.5,12.6,5.8,5.3,NA,NA,NA,"Morreu",NA,NA,5.55,NA,1,0,108
"109","2","B","C2","no tag",2023,"Reprodutivo",7.5,6.5,12.3,5.8,5.3,NA,NA,NA,"Morreu",NA,NA,5.55,NA,1,0,109
"110","2","C","B4","no tag",2023,"Reprodutivo",4.5,7.1,7.1,5,5,NA,NA,NA,"Morreu",NA,NA,5,NA,1,0,110
"111","2","C","C1","no tag",2023,"Jovem",4,0.5,15.5,9.2,9.7,20,9,9,"Jovem",NA,NA,9.45,9,0,1,111
"112","2","C","C2","2039",2022,"Reprodutivo",6.5,3,22.3,23.8,20.3,NA,NA,NA,"Morreu",NA,NA,22.05,NA,1,0,112
"113","2","C","C2","2037",2022,"Reprodutivo",5,7,30.2,41.4,38.4,37,51,45,"Reprodutivo",NA,NA,39.9,48,1,1,113
"114","2","C","C2","no tag",2023,"Jovem",2,9,11.2,5.2,5,NA,NA,NA,"Morreu",NA,NA,5.1,NA,0,0,114
"115","2","C","C3","no tag",2023,"Jovem",4,8.5,11.8,5,5,NA,NA,NA,"Morreu",NA,NA,5,NA,0,0,115
"116","2","C","C3","no tag",2023,"Jovem",4.5,8.5,11.8,5,5,NA,NA,NA,"Morreu",NA,NA,5,NA,0,0,116
"117","2","C","C3","no tag",2023,"Jovem",4.5,8.5,11.8,5,5,NA,NA,NA,"Morreu",NA,NA,5,NA,0,0,117
"118","2","C","C3","no tag",2023,"Jovem",5,8.5,11.8,5,5,NA,NA,NA,"Morreu",NA,NA,5,NA,0,0,118
"119","2","C","C3","no tag",2023,"Reprodutivo",2,1,14.2,5,5,NA,NA,NA,"Morreu",NA,NA,5,NA,1,0,119
"120","2","C","C3","2038",2022,"Reprodutivo",7,10,38.8,39.6,34.1,NA,NA,NA,"Morreu",NA,NA,36.85,NA,1,0,120
"121","2","C","C3","no tag",2023,"Jovem",1.5,8.5,12.4,5,5,14,5,5,"Jovem",NA,NA,5,5,0,1,121
"122","2","C","C3","no tag",2023,"Jovem",4,8.5,11.8,5,5,NA,NA,NA,"Morreu",NA,NA,5,NA,0,0,122
"123","2","C","C3","no tag",2023,"Jovem",4.5,8.5,21.4,5,5,NA,NA,NA,"Morreu",NA,NA,5,NA,0,0,123
"124","2","C","C3","no tag",2023,"Jovem",4.5,8.5,11.8,5,5,NA,NA,NA,"Morreu",NA,NA,5,NA,0,0,124
"125","2","C","C3","no tag",2023,"Jovem",5,8.5,11.8,5,5,NA,NA,NA,"Morreu",NA,NA,5,NA,0,0,125
"126","2","C","C5","no tag",2023,"Jovem",3.5,3.5,5,5,5,NA,NA,NA,"Morreu",NA,NA,5,NA,0,0,126
"127","2","C","D1","no tag",2023,"Jovem",5,9,5,5,5,NA,NA,NA,"Morreu",NA,NA,5,NA,0,0,127
"128","2","C","D1","no tag",2023,"Jovem",5.5,9,5,5,5,NA,NA,NA,"Morreu",NA,NA,5,NA,0,0,128
"129","2","C","D1","no tag",2023,"Jovem",8,3,5,5,5,NA,NA,NA,"Morreu",NA,NA,5,NA,0,0,129
"130","2","C","D1","no tag",2023,"Jovem",8.5,3.5,5,5,5,NA,NA,NA,"Morreu",NA,NA,5,NA,0,0,130
"131","2","C","D1","no tag",2023,"Jovem",6,5,5,5,5,NA,NA,NA,"Morreu",NA,NA,5,NA,0,0,131
"132","2","C","D1","no tag",2023,"Jovem",7.5,6,5,5,5,NA,NA,NA,"Morreu",NA,NA,5,NA,0,0,132
"133","2","D","A2","no tag",2023,"Reprodutivo",4,6.5,22.8,11.8,15.2,25,12,22,"Reprodutivo",NA,NA,13.5,17,1,1,133
"134","2","D","A2","no tag",2023,"Jovem",7.5,3,8.9,5,5,NA,NA,NA,"Morreu",NA,NA,5,NA,0,0,134
"135","2","D","A2","no tag",2023,"Jovem",7.5,3,8.9,5,5,NA,NA,NA,"Morreu",NA,NA,5,NA,0,0,135
"136","2","D","A2","no tag",2023,"Jovem",7.5,3,8.9,8,6.6,9,8,6.6,"Jovem",NA,NA,7.3,7.3,0,1,136
"137","2","D","A3","no tag",2023,"Reprodutivo",7.5,6,5,5,5,NA,NA,NA,"Morreu",NA,NA,5,NA,1,0,137
"138","2","D","A3","no tag",2023,"Jovem",5.5,2,5,5,5,6,5,5,"Jovem",NA,NA,5,5,0,1,138
"139","2","D","A3","no tag",2023,"Reprodutivo",6,2,5,5,5,12,5,5,"Jovem",NA,NA,5,5,1,1,139
"140","2","D","A3","no tag",2023,"Reprodutivo",6,1.5,5,5,5,NA,NA,NA,"Morreu",NA,NA,5,NA,1,0,140
"141","2","D","A3","no tag",2023,"Reprodutivo",5,6,5,5,5,5,5,5,"Jovem",NA,NA,5,5,1,1,141
"142","2","D","A5","no tag",2023,"Reprodutivo",1,3,18,5.5,5.5,NA,NA,NA,"Morreu",NA,NA,5.5,NA,1,0,142
"143","2","D","A5","no tag",2023,"Reprodutivo",7.5,3.5,11.8,5.4,5,NA,NA,NA,"Morreu",NA,NA,5.2,NA,1,0,143
"144","2","D","A5","no tag",2023,"Reprodutivo",1,3,8.1,5,5,NA,NA,NA,"Morreu",NA,NA,5,NA,1,0,144
"145","2","B","C2","no tag",2023,"Reprodutivo",6.5,8,26.3,11.3,11.6,NA,NA,NA,"Morreu",NA,NA,11.45,NA,1,0,145
"146","2","B","C3","no tag",2023,"Reprodutivo",7,6.5,19.6,7,8.2,NA,NA,NA,"Morreu",NA,NA,7.6,NA,1,0,146
"147","2","B","C4","no tag",2023,"Reprodutivo",8,4,6.3,5,5,NA,NA,NA,"Morreu",NA,NA,5,NA,1,0,147
"148","2","B","C4","no tag",2023,"Reprodutivo",5,5,9.4,5.5,5.5,12,5,5,"Jovem",NA,NA,5.5,5,1,1,148
"149","2","B","C4","no tag",2022,"Reprodutivo",2,3,7.5,5.2,5.3,5,5,5,"Jovem",NA,NA,5.25,5,1,1,149
"150","2","B","C4","no tag",2023,"Reprodutivo",8,4,6.3,5,5,NA,NA,NA,"Morreu",NA,NA,5,NA,1,0,150
"151","2","B","D2","no tag",2023,"Jovem",1,5,11.1,5.5,5.5,NA,NA,NA,"Morreu",NA,NA,5.5,NA,0,0,151
"152","2","B","D2","no tag",2023,"Jovem",2,5,13.6,5,5,NA,NA,NA,"Morreu",NA,NA,5,NA,0,0,152
"153","2","B","D2","no tag",2023,"Jovem",2,5,13.6,5,5,NA,NA,NA,"Morreu",NA,NA,5,NA,0,0,153
"154","2","B","D2","no tag",2023,"Reprodutivo",8,2,1.5,7,5.5,NA,NA,NA,"Morreu",NA,NA,6.25,NA,1,0,154
"155","2","B","D2","no tag",2023,"Reprodutivo",8,2,15.7,5,5,17,5,5,"Morreu","Esqueleto com rebrota",NA,5,5,1,0,155
"156","2","B","D2","no tag",2023,"Reprodutivo",1,8.5,8,7.8,7.4,NA,NA,NA,"Morreu",NA,NA,7.6,NA,1,0,156
"157","2","B","E1","no tag",2023,"Reprodutivo",7,6.5,13.1,5.1,5.6,NA,NA,NA,"Morreu",NA,NA,5.35,NA,1,0,157
"158","2","B","E1","no tag",2023,"Reprodutivo",9,8,13.4,5.9,5,NA,NA,NA,"Morreu",NA,NA,5.45,NA,1,0,158
"159","2","B","E1","no tag",2023,"Reprodutivo",1.5,8,9.5,7.2,6.2,NA,NA,NA,"Morreu",NA,NA,6.7,NA,1,0,159
"160","2","B","E3","no tag",2023,"Reprodutivo",9,4,9.1,5,5,NA,NA,NA,"Morreu",NA,NA,5,NA,1,0,160
"161","2","B","E3","no tag",2023,"Reprodutivo",9,6,10.1,5.8,5,NA,NA,NA,"Morreu",NA,NA,5.4,NA,1,0,161
"162","2","B","E3","no tag",2023,"Reprodutivo",10,8,20.1,8.1,7.9,NA,NA,NA,"Morreu",NA,NA,8,NA,1,0,162
"163","2","B","E3","no tag",2022,"Reprodutivo",5,7,18.1,17.9,16.7,NA,NA,NA,"Morreu",NA,"adulto no tag, ano passado",17.3,NA,1,0,163
"164","2","B","E4","no tag",2023,"Reprodutivo",10,9,24.7,28,26.6,NA,NA,NA,"Morreu",NA,NA,27.3,NA,1,0,164
"165","2","C","D1","no tag",2023,"Jovem",8,9,5,5,5,NA,NA,NA,"Morreu",NA,NA,5,NA,0,0,165
"166","2","C","D1","no tag",2023,"Jovem",8.5,8.5,5,5,5,NA,NA,NA,"Morreu",NA,NA,5,NA,0,0,166
"167","2","C","D4","no tag",2023,"Reprodutivo",2.5,3.5,7.8,5,5,NA,NA,NA,"Morreu",NA,NA,5,NA,1,0,167
"168","2","C","D4","no tag",2023,"Reprodutivo",4,3,12,5,5,NA,NA,NA,"Morreu",NA,NA,5,NA,1,0,168
"169","2","C","D4","no tag",2023,"Jovem",6,4,5,5,5,NA,NA,NA,"Morreu",NA,NA,5,NA,0,0,169
"170","2","C","D4","no tag",2023,"Jovem",8,4,5,5,5,11,5,5,"Jovem",NA,NA,5,5,0,1,170
"171","2","C","D5","no tag",2023,"Jovem",4,4,14,5,5,NA,NA,NA,"Morreu",NA,NA,5,NA,0,0,171
"172","2","C","D5","no tag",2023,"Jovem",4,5,14.6,5.5,5.5,NA,NA,NA,"Morreu",NA,NA,5.5,NA,0,0,172
"173","2","C","D5","no tag",2023,"Jovem",4,8,10.4,5,5,NA,NA,NA,"Morreu",NA,NA,5,NA,0,0,173
"174","2","C","E2","no tag",2023,"Jovem",3,5,16.8,6.6,10.2,NA,NA,NA,"Morreu",NA,NA,8.4,NA,0,0,174
"175","2","C","E2","no tag",2023,"Jovem",5,5,5.6,7.4,7,16,5,5,"Jovem",NA,NA,7.2,5,0,1,175
"176","2","C","E2","no tag",2022,"Reprodutivo",8,4,23.1,29,27.6,NA,NA,NA,"Morreu",NA,NA,28.3,NA,1,0,176
"177","2","C","E3","no tag",2023,"Jovem",8.5,4.5,11.7,5.5,5,NA,NA,NA,"Morreu","Com esqueleto",NA,5.25,NA,0,0,177
"178","2","C","E5","no tag",2023,"Jovem",1,2,12.8,5,5,NA,NA,NA,"Morreu","Com esqueleto",NA,5,NA,0,0,178
"179","2","C","E5","no tag",2023,"Jovem",2.5,2,5,5,5,12,5,5,"Jovem",NA,NA,5,5,0,1,179
"180","2","C","E5","no tag",2023,"Jovem",3,1.5,5,5,5,NA,NA,NA,"Morreu",NA,NA,5,NA,0,0,180
"181","2","C","E5","no tag",2023,"Jovem",4,1,5,5,5,NA,NA,NA,"Morreu",NA,NA,5,NA,0,0,181
"182","2","D","B1","no tag",2023,"Reprodutivo",6.5,1,5,5,5,NA,NA,NA,"Morreu",NA,NA,5,NA,1,0,182
"183","2","D","B2","no tag",2022,"Reprodutivo",6.5,7.5,34,19.1,12.3,29,18,12,"Reprodutivo",NA,NA,15.7,15,1,1,183
"184","2","D","B5","no tag",2023,"Jovem",2,1,5,5,5,NA,NA,NA,"Morreu",NA,NA,5,NA,0,0,184
"185","2","D","B5","no tag",2023,"Reprodutivo",7,5,10.9,5,5,NA,NA,NA,"Morreu",NA,NA,5,NA,1,0,185
"186","2","D","B5","no tag",2023,"Reprodutivo",5.5,5,9.3,5,5,NA,NA,NA,"Morreu",NA,NA,5,NA,1,0,186
"187","2","D","B5","no tag",2023,"Jovem",7,8,6.7,5,5,NA,NA,NA,"Morreu",NA,NA,5,NA,0,0,187
"188","2","D","B5","no tag",2023,"Reprodutivo",2,0.5,8.6,5.5,5.5,NA,NA,NA,"Morreu",NA,NA,5.5,NA,1,0,188
"189","2","D","B5","no tag",2023,"Reprodutivo",3,0.5,8.7,5.7,5.9,NA,NA,NA,"Morreu",NA,NA,5.8,NA,1,0,189
"190","2","D","B5","no tag",2023,"Reprodutivo",3.5,0.5,12.3,5.5,5.5,NA,NA,NA,"Morreu",NA,NA,5.5,NA,1,0,190
"191","2","D","B5","no tag",2023,"Reprodutivo",8,2,8.6,5.5,5.5,NA,NA,NA,"Morreu",NA,NA,5.5,NA,1,0,191
"192","2","D","B5","no tag",2023,"Reprodutivo",8.5,5,11.7,5,5,NA,NA,NA,"Morreu",NA,NA,5,NA,1,0,192
"193","2","D","C5","no tag",2023,"Reprodutivo",0.5,3,5,5,5,NA,NA,NA,"Morreu",NA,NA,5,NA,1,0,193
"194","2","D","C5","no tag",2023,"Reprodutivo",0.5,3,5,5,5,NA,NA,NA,"Morreu",NA,NA,5,NA,1,0,194
"195","2","D","D1","no tag",2023,"Jovem",6,2,19.4,5.9,6,NA,NA,NA,"Morreu",NA,NA,5.95,NA,0,0,195
"196","2","D","D1","no tag",2023,"Jovem",7,4,5,5,5,NA,NA,NA,"Morreu",NA,NA,5,NA,0,0,196
"197","2","D","D4","2044",2022,"Jovem",1,4.5,22.3,22.1,22.1,NA,NA,NA,"Morreu",NA,NA,22.1,NA,0,0,197
"198","2","D","E2","no tag",2023,"Jovem",5,5.5,5,5,5,NA,NA,NA,"Morreu",NA,NA,5,NA,0,0,198
"199","2","D","E2","no tag",2023,"Jovem",4,6.5,5,5,5,NA,NA,NA,"Morreu",NA,NA,5,NA,0,0,199
"200","2","D","E3","no tag",2022,"Reprodutivo",0.5,4,22.5,34.9,39.3,NA,NA,NA,"Morreu",NA,NA,37.1,NA,1,0,200
"201","2","D","E4","no tag",2023,"Jovem",2,8,8.4,5,5,NA,NA,NA,"Morreu",NA,NA,5,NA,0,0,201
"202","2","D","E4","no tag",2023,"Jovem",2,8,8.4,5,5,NA,NA,NA,"Morreu",NA,NA,5,NA,0,0,202
"203","2","D","E4","no tag",2023,"Jovem",2,8,8.4,5,5,NA,NA,NA,"Morreu",NA,NA,5,NA,0,0,203
"204","2","D","E4","no tag",2023,"Jovem",2,8,8.4,5,5,NA,NA,NA,"Morreu",NA,NA,5,NA,0,0,204
"205","2","A","A1","2876",2024,NA,6,8,NA,NA,NA,25,20,25,"Reprodutivo",NA,NA,NA,22.5,NA,1,205
"206","2","A","E1","No tag",2024,NA,2,5,NA,NA,NA,5,5,5,"Jovem",NA,NA,NA,5,NA,1,206
"207","2","A","E1","no tag",2024,NA,4,6,NA,NA,NA,5,5,5,"Jovem",NA,NA,NA,5,NA,1,207
"208","2","A","E1","no tag",2024,NA,3,7.5,NA,NA,NA,5,5,5,"Jovem",NA,NA,NA,5,NA,1,208
"209","2","A","E1","no tag",2024,NA,3,7.5,NA,NA,NA,5,5,5,"Jovem",NA,NA,NA,5,NA,1,209
"210","2","A","E1","no tag",2024,NA,4,9,NA,NA,NA,5,5,5,"Jovem",NA,NA,NA,5,NA,1,210
"211","2","A","B5","no tag",2024,NA,3,2,NA,NA,NA,5,5,5,"Reprodutivo",NA,NA,NA,5,NA,1,211
"212","2","A","A5","No tag",2024,NA,3,5,NA,NA,NA,5,5,5,"Jovem",NA,NA,NA,5,NA,1,212
"213","2","A","A4","No tag",2024,NA,3.5,0.5,NA,NA,NA,5,5,5,"Reprodutivo",NA,NA,NA,5,NA,1,213
"214","2","A","A3","no tag",2024,NA,3,1,NA,NA,NA,5,5,5,"Jovem",NA,NA,NA,5,NA,1,214
"215","2","A","A3","no tag",2024,NA,2,6,NA,NA,NA,5,5,5,"Jovem",NA,NA,NA,5,NA,1,215
"216","2","A","A2","no tag",2024,NA,2,5.5,NA,NA,NA,5,5,5,"Jovem",NA,NA,NA,5,NA,1,216
"217","2","A","A2","no tag",2024,NA,2,5.5,NA,NA,NA,5,5,5,"Jovem",NA,NA,NA,5,NA,1,217
"218","2","A","A2","no tag",2024,NA,2,5.5,NA,NA,NA,5,5,5,"Jovem",NA,NA,NA,5,NA,1,218
"219","2","A","A2","no tag",2024,NA,4,7,NA,NA,NA,5,5,5,"Jovem",NA,NA,NA,5,NA,1,219
"220","2","A","A2","no tag",2024,NA,3,8,NA,NA,NA,5,5,5,"Jovem",NA,NA,NA,5,NA,1,220
"221","2","A","B1","no tag",2024,NA,2,3.5,NA,NA,NA,5,5,5,"Jovem",NA,NA,NA,5,NA,1,221
"222","2","A","B1","no tag",2024,NA,3.5,7,NA,NA,NA,5,5,5,"Jovem",NA,NA,NA,5,NA,1,222
"223","2","A","B2","no tag",2024,NA,5.5,1,NA,NA,NA,5,5,5,"Jovem",NA,NA,NA,5,NA,1,223
"224","2","A","B2","no tag",2024,NA,8,3,NA,NA,NA,5,12,13,"Reprodutivo",NA,NA,NA,12.5,NA,1,224
"225","2","A","B2","no tag",2024,NA,6,3,NA,NA,NA,5,5,5,"Jovem",NA,NA,NA,5,NA,1,225
"226","2","A","B2","no tag",2024,NA,6,5,NA,NA,NA,5,5,10,"Reprodutivo",NA,NA,NA,7.5,NA,1,226
"227","2","A","B2","no tag",2024,NA,3,7.5,NA,NA,NA,5,5,10,"Jovem",NA,NA,NA,7.5,NA,1,227
"228","2","A","C1","no tag",2024,NA,8.5,0.5,NA,NA,NA,5,5,5,"Jovem",NA,NA,NA,5,NA,1,228
"229","2","A","C1","no tag",2024,NA,3,1,NA,NA,NA,5,5,5,"Jovem",NA,NA,NA,5,NA,1,229
"230","2","A","C1","no tag",2024,NA,5,7.5,NA,NA,NA,5,5,5,"Jovem",NA,NA,NA,5,NA,1,230
"231","2","A","C2","no tag",2024,NA,4.5,3.5,NA,NA,NA,5,5,5,"Jovem",NA,NA,NA,5,NA,1,231
"232","2","A","C2","no tag",2024,NA,0.5,4,NA,NA,NA,5,5,5,"Jovem",NA,NA,NA,5,NA,1,232
"233","2","A","C2","no tag",2024,NA,5,7.5,NA,NA,NA,5,5,5,"Jovem",NA,NA,NA,5,NA,1,233
"234","2","A","C2","no tag",2024,NA,9,7.5,NA,NA,NA,5,5,5,"Jovem",NA,NA,NA,5,NA,1,234
"235","2","A","C3","no tag",2024,NA,4,3,NA,NA,NA,5,5,5,"Reprodutivo",NA,NA,NA,5,NA,1,235
"236","2","A","C3","no tag",2024,NA,1,4.5,NA,NA,NA,5,5,5,"Jovem",NA,NA,NA,5,NA,1,236
"237","2","A","C3","no tag",2024,NA,5,7,NA,NA,NA,5,5,5,"Jovem",NA,NA,NA,5,NA,1,237
"238","2","A","C3","no tag",2024,NA,4.5,7,NA,NA,NA,5,5,5,"Jovem",NA,NA,NA,5,NA,1,238
"239","2","A","C3","no tag",2024,NA,7,2,NA,NA,NA,5,5,5,"Jovem",NA,NA,NA,5,NA,1,239
"240","2","A","C3","no tag",2024,NA,8,2,NA,NA,NA,5,5,5,"Jovem",NA,NA,NA,5,NA,1,240
"241","2","A","C4","no tag",2024,NA,5.5,9,NA,NA,NA,5,5,5,"Jovem",NA,NA,NA,5,NA,1,241
"242","2","A","D1","no tag",2024,NA,4,1,NA,NA,NA,5,5,5,"Jovem",NA,NA,NA,5,NA,1,242
"243","2","A","D1","no tag",2024,NA,0.5,1,NA,NA,NA,5,5,5,"Jovem",NA,NA,NA,5,NA,1,243
"244","2","A","D1","no tag",2024,NA,0.5,1,NA,NA,NA,5,5,5,"Jovem",NA,NA,NA,5,NA,1,244
"245","2","A","D1","no tag",2024,NA,5,0,NA,NA,NA,5,5,5,"Jovem",NA,NA,NA,5,NA,1,245
"246","2","A","D2","no tag",2024,NA,8,4,NA,NA,NA,5,5,5,"Jovem",NA,NA,NA,5,NA,1,246
"247","2","A","D2","no tag",2024,NA,6,3.5,NA,NA,NA,5,5,5,"Jovem",NA,NA,NA,5,NA,1,247
"248","2","A","D2","no tag",2024,NA,1.5,4,NA,NA,NA,5,5,5,"Jovem",NA,NA,NA,5,NA,1,248
"249","2","B","A3","no tag",2024,NA,0.5,2.5,NA,NA,NA,13,5,5,"Jovem",NA,NA,NA,5,NA,1,249
"250","2","B","A3","no tag",2024,NA,7,8.5,NA,NA,NA,11,5,5,"Jovem",NA,NA,NA,5,NA,1,250
"251","2","B","A3","no tag",2024,NA,9.5,6,NA,NA,NA,5,5,5,"Jovem",NA,NA,NA,5,NA,1,251
"252","2","B","A4","no tag",2024,NA,4,3,NA,NA,NA,5,5,5,"Jovem",NA,NA,NA,5,NA,1,252
"253","2","B","A4","no tag",2024,NA,6,6.5,NA,NA,NA,5,5,5,"Jovem",NA,NA,NA,5,NA,1,253
"254","2","B","A4","no tag",2024,NA,6,6.5,NA,NA,NA,5,5,5,"Jovem",NA,NA,NA,5,NA,1,254
"255","2","B","A4","no tag",2024,NA,6,0.5,NA,NA,NA,5,5,5,"Jovem",NA,NA,NA,5,NA,1,255
"256","2","B","B1","no tag",2024,NA,3,10,NA,NA,NA,5,5,5,"Jovem",NA,NA,NA,5,NA,1,256
"257","2","B","B2","no tag",2024,NA,8.5,0,NA,NA,NA,5,5,5,"Jovem",NA,NA,NA,5,NA,1,257
"258","2","B","B2","no tag",2024,NA,7.5,2.5,NA,NA,NA,5,5,5,"Jovem",NA,NA,NA,5,NA,1,258
"259","2","B","B2","no tag",2024,NA,2,3,NA,NA,NA,5,5,5,"Jovem",NA,NA,NA,5,NA,1,259
"260","2","B","B3","no tag",2024,NA,0,9.5,NA,NA,NA,5,5,5,"Jovem",NA,NA,NA,5,NA,1,260
"261","2","B","B3","no tag",2024,NA,2,9.5,NA,NA,NA,5,5,5,"Jovem",NA,NA,NA,5,NA,1,261
"262","2","B","B4","no tag",2024,NA,5.5,2.5,NA,NA,NA,5,5,5,"Jovem",NA,NA,NA,5,NA,1,262
"263","2","B","C4","no tag",2024,NA,2.5,4.5,NA,NA,NA,5,5,5,"Jovem",NA,NA,NA,5,NA,1,263
"264","2","B","C4","no tag",2024,NA,7,6.5,NA,NA,NA,5,5,5,"Jovem",NA,NA,NA,5,NA,1,264
"265","2","B","D3","no tag",2024,NA,9,2,NA,NA,NA,5,5,5,"Jovem",NA,NA,NA,5,NA,1,265
"266","2","B","D3","no tag",2024,NA,9,2,NA,NA,NA,5,5,5,"Jovem",NA,NA,NA,5,NA,1,266
"267","2","B","D3","no tag",2024,NA,9,2,NA,NA,NA,5,5,5,"Jovem",NA,NA,NA,5,NA,1,267
"268","2","B","E1","no tag",2024,NA,7,3,NA,NA,NA,5,5,5,"Jovem",NA,NA,NA,5,NA,1,268
"269","2","B","E1","no tag",2024,NA,5,5.5,NA,NA,NA,5,5,5,"Jovem",NA,NA,NA,5,NA,1,269
"270","2","B","E1","no tag",2024,NA,4,5,NA,NA,NA,5,5,5,"Jovem",NA,NA,NA,5,NA,1,270
"271","2","B","E2","no tag",2024,NA,1,2,NA,NA,NA,5,5,5,"Jovem",NA,NA,NA,5,NA,1,271
"272","2","B","E2","no tag",2024,NA,2,10,NA,NA,NA,5,5,5,"Jovem",NA,NA,NA,5,NA,1,272
"273","2","B","E4","no tag",2024,NA,5,4,NA,NA,NA,5,5,5,"Jovem",NA,NA,NA,5,NA,1,273
"274","2","B","C2","no tag",2024,NA,9,8.5,NA,NA,NA,14,5,5,"Jovem",NA,NA,NA,5,NA,1,274
"275","2","B","C2","no tag",2024,NA,9,9.5,NA,NA,NA,20,5,5,"Jovem",NA,NA,NA,5,NA,1,275
"276","2","B","C2","no tag",2024,NA,8,9.5,NA,NA,NA,5,5,5,"Jovem",NA,NA,NA,5,NA,1,276
"277","2","B","C2","no tag",2024,NA,9.5,7.5,NA,NA,NA,5,5,5,"Jovem",NA,NA,NA,5,NA,1,277
"278","2","B","C2","no tag",2024,NA,9.5,7.5,NA,NA,NA,5,5,5,"Jovem",NA,NA,NA,5,NA,1,278
"279","2","B","C2","no tag",2024,NA,9.5,7.5,NA,NA,NA,5,5,5,"Jovem",NA,NA,NA,5,NA,1,279
"280","2","B","C2","no tag",2024,NA,9.5,7.5,NA,NA,NA,5,5,5,"Jovem",NA,NA,NA,5,NA,1,280
"281","2","B","C2","no tag",2024,NA,9.5,7.5,NA,NA,NA,5,5,5,"Jovem",NA,NA,NA,5,NA,1,281
"282","2","B","C2","no tag",2024,NA,9.5,7.5,NA,NA,NA,5,5,5,"Jovem",NA,NA,NA,5,NA,1,282
"283","2","B","C2","no tag",2024,NA,9,0,NA,NA,NA,5,5,5,"Jovem",NA,NA,NA,5,NA,1,283
"284","2","B","D2","no tag",2024,NA,0.5,5,NA,NA,NA,5,5,5,"Jovem",NA,NA,NA,5,NA,1,284
"285","2","B","D2","no tag",2024,NA,0.5,6.5,NA,NA,NA,5,5,5,"Jovem",NA,NA,NA,5,NA,1,285
"286","2","C","B3","no tag",2024,NA,8.5,2.5,NA,NA,NA,5,5,5,"Jovem",NA,NA,NA,5,NA,1,286
"287","2","C","B3","no tag",2024,NA,7.5,2.5,NA,NA,NA,5,5,5,"Jovem",NA,NA,NA,5,NA,1,287
"288","2","C","B4","no tag",2024,NA,1,3,NA,NA,NA,5,5,5,"Jovem",NA,NA,NA,5,NA,1,288
"289","2","C","C2","no tag",2024,NA,7,7,NA,NA,NA,5,5,5,"Jovem",NA,NA,NA,5,NA,1,289
"290","2","C","C2","no tag",2024,NA,7,7,NA,NA,NA,5,5,5,"Jovem",NA,NA,NA,5,NA,1,290
"291","2","C","C2","no tag",2024,NA,7,7,NA,NA,NA,5,5,5,"Jovem",NA,NA,NA,5,NA,1,291
"292","2","C","C3","no tag",2024,NA,2.5,7,NA,NA,NA,5,5,5,"Jovem",NA,NA,NA,5,NA,1,292
"293","2","C","C3","no tag",2024,NA,2.5,8,NA,NA,NA,5,5,5,"Jovem",NA,NA,NA,5,NA,1,293
"294","2","C","C3","no tag",2024,NA,1.5,10,NA,NA,NA,5,5,5,"Jovem",NA,NA,NA,5,NA,1,294
"295","2","C","C3","no tag",2024,NA,7,7.5,NA,NA,NA,5,5,5,"Jovem",NA,NA,NA,5,NA,1,295
"296","2","C","C3","no tag",2024,NA,7,9.5,NA,NA,NA,5,5,5,"Jovem",NA,NA,NA,5,NA,1,296
"297","2","C","C5","no tag",2024,NA,2,1.5,NA,NA,NA,5,5,5,"Jovem",NA,NA,NA,5,NA,1,297
"298","2","C","C5","no tag",2024,NA,4,3.5,NA,NA,NA,5,5,5,"Jovem",NA,NA,NA,5,NA,1,298
"299","2","C","D1","no tag",2024,NA,5.5,4,NA,NA,NA,5,5,5,"Jovem",NA,NA,NA,5,NA,1,299
"300","2","C","D1","no tag",2024,NA,6.5,6.5,NA,NA,NA,5,5,5,"Jovem",NA,NA,NA,5,NA,1,300
"301","2","C","D1","no tag",2024,NA,7,3,NA,NA,NA,5,5,5,"Jovem",NA,NA,NA,5,NA,1,301
"302","2","C","D2","no tag",2024,NA,9.5,7,NA,NA,NA,5,5,5,"Jovem",NA,NA,NA,5,NA,1,302
"303","2","C","D3","no tag",2024,NA,7,7,NA,NA,NA,5,5,5,"Jovem",NA,NA,NA,5,NA,1,303
"304","2","C","D3","no tag",2024,NA,7,7,NA,NA,NA,5,5,5,"Jovem",NA,NA,NA,5,NA,1,304
"305","2","C","D3","no tag",2024,NA,7,7,NA,NA,NA,5,5,5,"Jovem",NA,NA,NA,5,NA,1,305
"306","2","C","D3","no tag",2024,NA,7,7,NA,NA,NA,5,5,5,"Jovem",NA,NA,NA,5,NA,1,306
"307","2","C","D4","no tag",2024,NA,5.5,6.5,NA,NA,NA,5,5,5,"Jovem",NA,NA,NA,5,NA,1,307
"308","2","C","D4","no tag",2024,NA,10,2.5,NA,NA,NA,5,5,5,"Jovem",NA,NA,NA,5,NA,1,308
"309","2","C","D5","no tag",2024,NA,2.5,7.5,NA,NA,NA,5,5,5,"Jovem",NA,NA,NA,5,NA,1,309
"310","2","C","D5","no tag",2024,NA,2.5,7.5,NA,NA,NA,5,5,5,"Jovem",NA,NA,NA,5,NA,1,310
"311","2","C","D5","no tag",2024,NA,2.5,8,NA,NA,NA,5,5,5,"Jovem",NA,NA,NA,5,NA,1,311
"312","2","C","E2","no tag",2024,NA,6,8,NA,NA,NA,5,5,5,"Jovem",NA,NA,NA,5,NA,1,312
"313","2","C","E3","no tag",2024,NA,2,4,NA,NA,NA,5,5,5,"Jovem",NA,NA,NA,5,NA,1,313
"314","2","C","E3","no tag",2024,NA,6.5,4.5,NA,NA,NA,5,5,5,"Jovem",NA,NA,NA,5,NA,1,314
"315","2","C","E3","no tag",2024,NA,8,4.5,NA,NA,NA,5,5,5,"Jovem",NA,NA,NA,5,NA,1,315
"316","2","C","E3","no tag",2024,NA,4,10,NA,NA,NA,5,5,5,"Jovem",NA,NA,NA,5,NA,1,316
"317","2","C","E3","no tag",2024,NA,5,10,NA,NA,NA,5,5,5,"Jovem",NA,NA,NA,5,NA,1,317
"318","2","C","E3","no tag",2024,NA,10,8,NA,NA,NA,15,5,5,"Jovem",NA,NA,NA,5,NA,1,318
"319","2","C","E4","no tag",2024,NA,7,3.5,NA,NA,NA,5,5,5,"Jovem",NA,NA,NA,5,NA,1,319
"320","2","C","E5","no tag",2024,NA,1,2.5,NA,NA,NA,5,5,5,"Jovem",NA,NA,NA,5,NA,1,320
"321","2","D","A2","no tag",2024,NA,0.5,5,NA,NA,NA,5,5,5,"Jovem",NA,NA,NA,5,NA,1,321
"322","2","D","A2","no tag",2024,NA,4.5,1,NA,NA,NA,5,5,5,"Jovem",NA,NA,NA,5,NA,1,322
"323","2","D","A2","no tag",2024,NA,3.5,4.5,NA,NA,NA,5,5,5,"Jovem",NA,NA,NA,5,NA,1,323
"324","2","D","A2","no tag",2024,NA,3.5,4.5,NA,NA,NA,5,5,5,"Jovem",NA,NA,NA,5,NA,1,324
"325","2","D","A2","no tag",2024,NA,3,1,NA,NA,NA,5,5,5,"Jovem",NA,NA,NA,5,NA,1,325
"326","2","D","A3","no tag",2024,NA,1,9.5,NA,NA,NA,5,5,5,"Jovem",NA,NA,NA,5,NA,1,326
"327","2","D","A4","no tag",2024,NA,0.5,5.5,NA,NA,NA,5,5,5,"Jovem",NA,NA,NA,5,NA,1,327
"328","2","D","A4","no tag",2024,NA,1,6.5,NA,NA,NA,5,5,5,"Jovem",NA,NA,NA,5,NA,1,328
"329","2","D","A5","no tag",2024,NA,4.5,4,NA,NA,NA,17,5,5,"Jovem",NA,NA,NA,5,NA,1,329
"330","2","D","A5","2980",2024,NA,4.5,8,NA,NA,NA,20,21,23,"Reprodutivo","Indivíduo grande, possivelmente de anos anteriores que não foi detectado.",NA,NA,22,NA,1,330
"331","2","D","B2","no tag",2024,NA,4,4.5,NA,NA,NA,14,5,5,"Jovem","Status não registrado. Provavelmente jovem",NA,NA,5,NA,1,331
"332","2","D","B2","no tag",2024,NA,6.5,9,NA,NA,NA,5,5,5,"Jovem",NA,NA,NA,5,NA,1,332
"333","2","D","B2","no tag",2024,NA,6.5,9,NA,NA,NA,5,5,5,"Jovem",NA,NA,NA,5,NA,1,333
"334","2","D","B3","no tag",2024,NA,1,3,NA,NA,NA,5,5,5,"Jovem",NA,NA,NA,5,NA,1,334
"335","2","D","B4","no tag",2024,NA,5.5,4.5,NA,NA,NA,5,5,5,"Jovem",NA,NA,NA,5,NA,1,335
"336","2","D","B5","no tag",2024,NA,7,1,NA,NA,NA,5,5,5,"Jovem",NA,NA,NA,5,NA,1,336
"337","2","D","B5","no tag",2024,NA,7,1,NA,NA,NA,5,5,5,"Jovem",NA,NA,NA,5,NA,1,337
"338","2","D","B5","no tag",2024,NA,7,1,NA,NA,NA,5,5,5,"Jovem",NA,NA,NA,5,NA,1,338
"339","2","D","B5","no tag",2024,NA,7,1,NA,NA,NA,5,5,5,"Jovem",NA,NA,NA,5,NA,1,339
"340","2","D","C5","no tag",2024,NA,3,2.5,NA,NA,NA,9,5,5,"Reprodutivo",NA,NA,NA,5,NA,1,340
"341","2","D","C5","no tag",2024,NA,2.5,4.5,NA,NA,NA,5,5,5,"Reprodutivo",NA,NA,NA,5,NA,1,341
"342","2","D","C5","no tag",2024,NA,5,5,NA,NA,NA,5,5,5,"Jovem",NA,NA,NA,5,NA,1,342
"343","2","D","C2","no tag",2024,NA,0.5,8,NA,NA,NA,5,5,5,"Jovem",NA,NA,NA,5,NA,1,343
"344","2","D","D1","no tag",2024,NA,4.5,7,NA,NA,NA,5,5,5,"Jovem",NA,NA,NA,5,NA,1,344
"345","2","D","D3","no tag",2024,NA,2,7.5,NA,NA,NA,5,5,5,"Jovem",NA,NA,NA,5,NA,1,345
"346","2","D","E3","no tag",2024,NA,5.5,5,NA,NA,NA,5,5,5,"Jovem",NA,NA,NA,5,NA,1,346
"347","2","D","E4","no tag",2024,NA,7.5,5,NA,NA,NA,5,5,5,"Jovem",NA,NA,NA,5,NA,1,347
"348","3","A","A1","no tag",2023,"Jovem",5,5,9.1,5.2,5,19,5,5,"Morreu",NA,NA,5.1,5,0,0,348
"349","3","A","B4","no tag",2023,"Jovem",9,9.5,6.4,6.8,9.2,11,6,8,"Jovem",NA,NA,8,7,0,1,349
"350","3","A","D1","no tag",2022,"Jovem",1.5,6,25.4,20.7,16.8,23,10,9,"Morreu",NA,"adulto no tag, ano passado",18.75,9.5,0,0,350
"351","3","B","A5","2055",2022,"Jovem",6,9,18.9,22.1,15.7,25,14,30,"Jovem",NA,NA,18.9,22,0,1,351
"352","3","B","A5","no tag",2023,"Jovem",3,5,6,5,5,NA,NA,NA,"Morreu",NA,NA,5,NA,0,0,352
"353","3","B","B1","no tag",2023,"Jovem",2,5.5,5,5,5,NA,NA,NA,"Morreu",NA,NA,5,NA,0,0,353
"354","3","B","D5","no tag",2023,"Reprodutivo",1,5,21,11.5,17.7,NA,NA,NA,"Morreu",NA,NA,14.6,NA,1,0,354
"355","3","B","E3","no tag",2023,"Jovem",1.5,3.5,13.4,7.6,6.8,NA,NA,NA,"Morreu",NA,NA,7.2,NA,0,0,355
"356","3","B","E3","no tag",2023,"Jovem",2,4,10.3,8.7,6.9,NA,NA,NA,"Morreu",NA,NA,7.8,NA,0,0,356
"357","3","B","E4","2049",2022,"Reprodutivo",7,1.5,34.2,98.1,85.9,30,69,91,"Morreu",NA,NA,92,80,1,0,357
"358","3","C","E1","no tag",2023,"Jovem",7,8,5,5,5,5,5,5,"Morreu",NA,NA,5,5,0,0,358
"359","3","D","A3","no tag",2023,"Reprodutivo",1.5,3.5,6.8,5,5,5,5,5,"Jovem",NA,NA,5,5,1,1,359
"360","3","D","B1","2056",2022,"Jovem",9,1,25.3,29.4,42.6,46,23,44,"Reprodutivo","Com botão",NA,36,33.5,0,1,360
"361","3","D","B3","no tag",2023,"Reprodutivo",2,5,9.8,5,5,NA,NA,NA,"Morreu",NA,NA,5,NA,1,0,361
"362","3","D","D3","2057",2022,"Reprodutivo",4.5,2,34.6,28.4,37.4,35,20,12,"Morreu",NA,NA,32.9,16,1,0,362
"363","3","D","D4","no tag",2023,"Reprodutivo",7.5,5,12.7,5,5,NA,NA,NA,"Morreu",NA,NA,5,NA,1,0,363
"364","3","D","D4","no tag",2023,"Reprodutivo",8,5,22.1,6.6,5.5,NA,NA,NA,"Morreu",NA,NA,6.05,NA,1,0,364
"365","3","D","D4","no tag",2023,"Reprodutivo",8.5,5.5,13.4,5,5,NA,NA,NA,"Morreu",NA,NA,5,NA,1,0,365
"366","3","D","D4","no tag",2023,"Reprodutivo",10,8,20.2,6.2,5.7,12,5,5,NA,NA,NA,5.95,5,1,0,366
"367","3","D","E4","2059",2022,"viva",2,6,40.5,42.9,37.1,21,24,26,"Morreu",NA,NA,40,25,0,0,367
"368","3","D","E5","2060",2022,"viva",5,5,32.8,77.8,115.7,NA,NA,NA,"Morreu","Retirou a tag",NA,96.75,NA,0,0,368
"369","3","A","A5","no tag",2024,NA,4.5,7.5,NA,NA,NA,15,5,5,"Jovem",NA,NA,NA,5,NA,1,369
"370","3","A","B4","no tag",2024,NA,6,6,NA,NA,NA,7,5,5,"Jovem",NA,NA,NA,5,NA,1,370
"371","3","A","C4","no tag",2024,NA,3.5,0.5,NA,NA,NA,5,5,5,"Jovem",NA,NA,NA,5,NA,1,371
"372","3","A","C5","no tag",2024,NA,2.5,2.5,NA,NA,NA,5,5,5,"Jovem",NA,NA,NA,5,NA,1,372
"373","3","C","A2","no tag",2024,NA,5.5,9.5,NA,NA,NA,5,5,5,"Jovem",NA,NA,NA,5,NA,1,373
"374","3","D","B1","no tag",2024,NA,7.7,4,NA,NA,NA,15,5,5,"Jovem",NA,NA,NA,5,NA,1,374
"375","3","D","B5","no tag",2024,NA,10,5,NA,NA,NA,5,5,5,"Jovem",NA,NA,NA,5,NA,1,375
"376","3","D","C1","no tag",2024,NA,8,5.5,NA,NA,NA,5,5,5,"Jovem",NA,NA,NA,5,NA,1,376
"377","3","D","C4","no tag",2024,NA,7.5,5.5,NA,NA,NA,15,5,5,"Jovem",NA,NA,NA,5,NA,1,377
"378","3","D","C4","no tag",2024,NA,2,5,NA,NA,NA,23,5,5,"Jovem",NA,NA,NA,5,NA,1,378
"379","3","D","C5","no tag",2024,NA,2,7,NA,NA,NA,5,5,5,"Jovem",NA,NA,NA,5,NA,1,379
"380","3","D","D2","no tag",2024,NA,5,10,NA,NA,NA,17,5,5,"Jovem",NA,NA,NA,5,NA,1,380
"381","3","D","D4","no tag",2024,NA,8,5,NA,NA,NA,5,5,5,"Jovem",NA,NA,NA,5,NA,1,381
"382","3","D","D4","no tag",2024,NA,8,5.5,NA,NA,NA,5,5,5,"Jovem",NA,NA,NA,5,NA,1,382
"383","3","D","D4","no tag",2024,NA,10,5,NA,NA,NA,5,5,5,"Jovem",NA,NA,NA,5,NA,1,383
"384","3","D","E5","no tag",2024,NA,2.5,5,NA,NA,NA,7,5,5,"Jovem",NA,NA,NA,5,NA,1,384
"385","3","D","E5","no tag",2024,NA,5,5.5,NA,NA,NA,5,5,5,"Jovem",NA,NA,NA,5,NA,1,385
"386","3","D","E5","no tag",2024,NA,5,5.5,NA,NA,NA,5,5,5,"Jovem",NA,NA,NA,5,NA,1,386
"387","3","D","E5","no tag",2024,NA,5,4.5,NA,NA,NA,5,5,5,"Jovem",NA,NA,NA,5,NA,1,387
"388","4","A","E2","2098",2022,"Jovem",10,1.5,25.9,44.7,52.5,NA,NA,NA,"Morreu","Tiramos tag?",NA,48.6,NA,0,0,388
"389","4","B","A2","2076",2022,"Reprodutivo",7.5,8.5,22.4,19.9,23.1,NA,NA,NA,NA,"Tirou tag?",NA,21.5,NA,1,0,389
"390","4","B","A2","no tag",2023,"Jovem",7,9.5,5,5,5,NA,NA,NA,"Morreu",NA,NA,5,NA,0,0,390
"391","4","B","A2","no tag",2023,"Jovem",7,9.5,5,5,5,NA,NA,NA,"Morreu",NA,NA,5,NA,0,0,391
"392","4","B","A4","2071",2022,"Reprodutivo",8,0.5,22.9,18.1,28.7,NA,NA,NA,"Morreu","Tirou tag",NA,23.4,NA,1,0,392
"393","4","B","A4","2072",2022,"Reprodutivo",4.5,3,17.8,36.9,32.4,NA,NA,NA,"Morreu",NA,NA,34.65,NA,1,0,393
"394","4","B","A5","no tag",2023,"Jovem",1.5,8,13.9,8.2,6.9,NA,NA,NA,"Morreu",NA,NA,7.55,NA,0,0,394
"395","4","B","A5","no tag",2023,"Jovem",8,2,7.8,15.5,12,NA,NA,NA,"Morreu",NA,NA,13.75,NA,0,0,395
"396","4","B","B2","2070",2022,"Reprodutivo",4.5,9,16.6,23.5,23.2,30,35,25,NA,NA,NA,23.35,30,1,0,396
"397","4","B","C5","2074",2022,"viva",5.5,7.5,19,18.9,15.2,NA,NA,NA,"Morreu","Tirou tag?",NA,17.05,NA,0,0,397
"398","4","C","A1","2082",2022,"Reprodutivo",4,8,16.6,8.6,7.4,NA,NA,NA,NA,NA,NA,8,NA,1,0,398
"399","4","C","A2","2083",2022,"Jovem",2,4,14.6,21.9,31.7,NA,NA,NA,"Morreu","Tirou tag",NA,26.8,NA,0,0,399
"400","4","C","A3","no tag",2023,"Jovem",5.5,6,9.2,5.2,5,NA,NA,NA,"Morreu",NA,NA,5.1,NA,0,0,400
"401","4","C","C3","2078",2022,"viva",9.5,1.5,8.4,8.1,9.7,NA,NA,NA,NA,"Tirou tag",NA,8.9,NA,0,0,401
"402","4","C","E3","2077",2022,"Jovem",8,1,12.9,5,8.8,NA,NA,NA,NA,"Tirou tag",NA,6.9,NA,0,0,402
"403","4","D","A1","no tag",2023,"Jovem",3,3,7.1,5,5,NA,NA,NA,"Morreu",NA,NA,5,NA,0,0,403
"404","4","D","A4","2092",2022,"Reprodutivo",5,5,14.5,37.2,42,NA,NA,NA,"Morreu",NA,NA,39.6,NA,1,0,404
"405","4","D","B4","no tag",2023,"Jovem",6,8.5,5,5,5,NA,NA,NA,"Morreu",NA,NA,5,NA,0,0,405
"406","4","D","C3","2087",2022,"Reprodutivo",10,9,30.5,41.8,41,NA,NA,NA,"Morreu","Tirou tag",NA,41.4,NA,1,0,406
"407","4","D","D1","2085",2022,"Reprodutivo",6.5,7,32.4,37.6,40.3,NA,NA,NA,"Morreu","Tirou tag",NA,38.95,NA,1,0,407
"408","4","D","D3","2086",2022,"Reprodutivo",5,7.5,48.8,112.4,121.6,NA,NA,NA,"Morreu","Tirou tag",NA,117,NA,1,0,408
"409","4","D","D4","no tag",2023,"Jovem",9,9.5,5,5,5,NA,NA,NA,"Morreu",NA,NA,5,NA,0,0,409
"410","4","D","D4","no tag",2023,"Jovem",9,9.5,5,5,5,NA,NA,NA,"Morreu",NA,NA,5,NA,0,0,410
"411","4","D","D4","no tag",2023,"Jovem",9,9.5,5,5,5,NA,NA,NA,"Morreu",NA,NA,5,NA,0,0,411
"412","4","D","E1","2084",2022,"Reprodutivo",0,3,31,40.1,70,NA,NA,NA,"Morreu",NA,NA,55.05,NA,1,0,412
"413","4","D","E1","no tag",2023,"Jovem",3,0.5,9.6,5,5,NA,NA,NA,"Morreu",NA,NA,5,NA,0,0,413
"414","4","D","E1","no tag",2023,"Jovem",3,0.5,9.6,5,5,NA,NA,NA,"Morreu",NA,NA,5,NA,0,0,414
"415","4","D","E1","no tag",2023,"Jovem",3,0.5,9.6,5,5,NA,NA,NA,"Morreu",NA,NA,5,NA,0,0,415
"416","4","D","E1","no tag",2023,"Jovem",3,0.5,9.6,5,5,NA,NA,NA,"Morreu",NA,NA,5,NA,0,0,416
"417","4","D","E1","no tag",2023,"Jovem",3,0.5,9.6,5,5,NA,NA,NA,"Morreu",NA,NA,5,NA,0,0,417
"418","4","D","E1","no tag",2023,"Jovem",4.5,2,6.8,5,5,NA,NA,NA,"Morreu",NA,NA,5,NA,0,0,418
"419","4","D","E1","no tag",2023,"Jovem",4.5,2,5,5,5,NA,NA,NA,"Morreu",NA,NA,5,NA,0,0,419
"420","4","D","E1","no tag",2023,"Reprodutivo",4.5,2,14.2,7.1,7.2,NA,NA,NA,"Morreu",NA,NA,7.15,NA,1,0,420
"421","4","D","E1","no tag",2023,"Reprodutivo",4.5,2,7.5,5,5,NA,NA,NA,"Morreu",NA,NA,5,NA,1,0,421
"422","4","D","E4","no tag",2023,"Jovem",3,7,5,5,5,NA,NA,NA,"Morreu",NA,NA,5,NA,0,0,422
"423","4","D","E5","no tag",2023,"Reprodutivo",9,7.5,8,5,5,NA,NA,NA,"Morreu",NA,NA,5,NA,1,0,423
"424","4","D","E5","2088",2022,"Reprodutivo",8,5,32.9,32.4,51.9,NA,NA,NA,"Morreu",NA,NA,42.15,NA,1,0,424
"425","4","A","B1","No tag",2024,NA,9,2,NA,NA,NA,5,5,5,"Jovem",NA,NA,NA,5,NA,1,425
"426","4","A","C1","No tag",2024,NA,1,1,NA,NA,NA,5,5,5,"Jovem",NA,NA,NA,5,NA,1,426
"427","4","A","C1","No tag",2024,NA,9,6,NA,NA,NA,10,12,13,"Jovem",NA,NA,NA,12.5,NA,1,427
"428","4","B","A2","No tag",2024,NA,2.5,7,NA,NA,NA,5,5,5,"Jovem",NA,NA,NA,5,NA,1,428
"429","4","B","D4","No tag",2024,NA,0.5,2.5,NA,NA,NA,5,5,5,"Jovem",NA,NA,NA,5,NA,1,429
"430","4","C","A2","No tag",2024,NA,0,0.5,NA,NA,NA,5,5,5,"Jovem",NA,NA,NA,5,NA,1,430
"431","4","C","A4","No tag",2024,NA,4,6,NA,NA,NA,5,5,5,"Jovem",NA,NA,NA,5,NA,1,431
"432","4","C","A4","No tag",2024,NA,4.5,6,NA,NA,NA,5,5,5,"Jovem",NA,NA,NA,5,NA,1,432
"433","4","C","A4","No tag",2024,NA,8,3.5,NA,NA,NA,5,5,5,"Jovem",NA,NA,NA,5,NA,1,433
"434","4","C","A5","No tag",2024,NA,4,3,NA,NA,NA,5,5,5,"Jovem",NA,NA,NA,5,NA,1,434
"435","4","C","A3","No tag",2024,NA,3,2.5,NA,NA,NA,5,5,5,"Jovem",NA,NA,NA,5,NA,1,435
"436","4","C","A4","No tag",2024,NA,3,5.5,NA,NA,NA,5,5,5,"Jovem",NA,NA,NA,5,NA,1,436
"437","4","C","B5","No tag",2024,NA,3,7,NA,NA,NA,5,5,5,"Jovem",NA,NA,NA,5,NA,1,437
"438","4","C","D1","No tag",2024,NA,7.5,10,NA,NA,NA,5,5,5,"Jovem",NA,NA,NA,5,NA,1,438
"439","4","C","E1","No tag",2024,NA,2,3.5,NA,NA,NA,5,5,5,"Jovem",NA,NA,NA,5,NA,1,439
"440","5","A","A3","2116",2022,"Reprodutivo",8,4,526.5,35.5,43.8,27,45,33,"Reprodutivo",NA,NA,39.65,39,1,1,440
"441","5","A","B1","no tag",2023,"Reprodutivo",5.5,2,5.5,5,5,NA,NA,NA,"Morreu",NA,NA,5,NA,1,0,441
"442","5","A","B4","no tag",2023,"Reprodutivo",2,2.5,16,9.7,10.1,NA,NA,NA,"Morreu",NA,NA,9.9,NA,1,0,442
"443","5","A","B5","2110",2022,"Reprodutivo",6,0.5,37,65.7,57.7,37,66,35,"Reprodutivo",NA,NA,61.7,50.5,1,1,443
"444","5","A","B5","2113/2114",2022,"Reprodutivo",2,5,37.5,62,29.1,NA,NA,NA,"Morreu",NA,NA,45.55,NA,1,0,444
"445","5","A","B5","no tag",2023,"Reprodutivo",9.5,2.5,18.2,5,5,NA,NA,NA,"Morreu",NA,NA,5,NA,1,0,445
"446","5","A","C2","2100",2022,"Reprodutivo",2,8.5,15,11.1,9.1,NA,NA,NA,"Morreu","Retirou tag",NA,10.1,NA,1,0,446
"447","5","A","C4","2109",2022,"viva",4,9.5,31,21.5,22.7,NA,NA,NA,"Morreu","Retirou tag",NA,22.1,NA,0,0,447
"448","5","A","C5","2108",2022,"Reprodutivo",8,1,43.2,37,73.4,30,45,62,"Reprodutivo",NA,NA,55.2,53.5,1,1,448
"449","5","A","E3","no tag",2023,"Jovem",4,1,5,5,5,NA,NA,NA,"Morreu",NA,NA,5,NA,0,0,449
"450","5","A","E3","no tag",2023,"Jovem",5.5,1,5,5,5,NA,NA,NA,"Morreu",NA,NA,5,NA,0,0,450
"451","5","B","A1","no tag",2023,"Jovem",7.5,5,5,5,5,NA,NA,NA,"Morreu",NA,NA,5,NA,0,0,451
"452","5","B","A5","no tag",2023,"Jovem",0.5,8,5,5,5,NA,NA,NA,"Morreu",NA,NA,5,NA,0,0,452
"453","5","B","B1","no tag",2023,"Reprodutivo",4,5,14.9,10.1,10,NA,NA,NA,"Morreu",NA,NA,10.05,NA,1,0,453
"454","5","B","B4","no tag",2023,"Jovem",4.5,6.5,5,5,5,NA,NA,NA,"Morreu",NA,NA,5,NA,0,0,454
"455","5","B","B4","no tag",2023,"Jovem",4.5,6.5,5,5,5,NA,NA,NA,"Morreu",NA,NA,5,NA,0,0,455
"456","5","B","D2","no tag",2023,"Reprodutivo",1,7,15.1,11.1,9.1,NA,NA,NA,"Morreu",NA,NA,10.1,NA,1,0,456
"457","5","B","D3","no tag",2023,"Jovem",3,8,5,5,5,NA,NA,NA,"Morreu",NA,NA,5,NA,0,0,457
"458","5","B","D5","no tag",2023,"Jovem",3,3,5,5,5,NA,NA,NA,"Morreu","Retirou tag",NA,5,NA,0,0,458
"459","5","B","E1","2120",2022,"Reprodutivo",6,0.5,36.6,23.3,30,36,25,31,"Reprodutivo",NA,NA,26.65,28,1,1,459
"460","5","B","E5","no tag",2023,"Jovem",0.5,5,5,5,5,NA,NA,NA,"Morreu",NA,NA,5,NA,0,0,460
"461","5","C","A1","2874",2023,"Reprodutivo",9,8,10.9,7.1,5,17,21,12,"Reprodutivo","Ganhou tag",NA,6.05,16.5,1,1,461
"462","5","C","A1","no tag",2023,"Reprodutivo",9,8,10.9,7.1,5,NA,NA,NA,"Morreu",NA,NA,6.05,NA,1,0,462
"463","5","C","A1","no tag",2023,"Reprodutivo",9,8,10.9,7.1,5,NA,NA,NA,"Morreu",NA,NA,6.05,NA,1,0,463
"464","5","C","A1","no tag",2023,"Reprodutivo",9,8,10.9,7.1,5,NA,NA,NA,"Morreu",NA,NA,6.05,NA,1,0,464
"465","5","C","A1","no tag",2023,"Reprodutivo",9,8,10.9,7.1,5,NA,NA,NA,"Morreu",NA,NA,6.05,NA,1,0,465
"466","5","C","A1","no tag",2023,"Reprodutivo",9,8,10.9,7.1,5,NA,NA,NA,"Morreu",NA,NA,6.05,NA,1,0,466
"467","5","C","A1","no tag",2023,"Reprodutivo",7,8,10.1,7,5,NA,NA,NA,"Morreu",NA,NA,6,NA,1,0,467
"468","5","C","A2","2129",2022,"viva",7,10,47,64.7,79.5,NA,NA,NA,"Morreu",NA,NA,72.1,NA,0,0,468
"469","5","C","A2","no tag",2023,"Reprodutivo",7,3.5,11,5,5,NA,NA,NA,"Morreu",NA,NA,5,NA,1,0,469
"470","5","C","A4","no tag",2023,"Reprodutivo",9,6,9.3,5,5,15,10,10,"Jovem",NA,NA,5,10,1,1,470
"471","5","C","A4","no tag",2023,"Reprodutivo",8,8,10.1,5,5,15,11,8,"Reprodutivo",NA,NA,5,9.5,1,1,471
"472","5","C","C1","2128",2022,"Reprodutivo",8,1,10.9,17.5,11.8,NA,NA,NA,"Morreu","Retirou tag",NA,14.65,NA,1,0,472
"473","5","C","C1","no tag",2023,"Reprodutivo",6.5,4.5,7.4,5,5,NA,NA,NA,"Morreu",NA,NA,5,NA,1,0,473
"474","5","C","C1","no tag",2023,"Jovem",6.5,4.5,9.2,5.5,7,NA,NA,NA,"Morreu",NA,NA,6.25,NA,0,0,474
"475","5","C","C2","no tag",2022,"Reprodutivo",9,2,15.8,14,16.8,5,12,7,"Morreu","Com rebrota?",NA,15.4,9.5,1,0,475
"476","5","C","C2","no tag",2023,"Jovem",6.5,3.5,5,5,5,NA,NA,NA,"Morreu",NA,NA,5,NA,0,0,476
"477","5","C","C3","no tag",2023,"Jovem",7,10,5,5,5,NA,NA,NA,"Morreu",NA,NA,5,NA,0,0,477
"478","5","C","C4","2126",2022,"Reprodutivo",9,9,16.1,13.6,9.3,NA,NA,NA,"Morreu","Retirou tag",NA,11.45,NA,1,0,478
"479","5","C","C4","no tag",2023,"Jovem",8,1,11.4,5.5,5,NA,NA,NA,"Morreu",NA,NA,5.25,NA,0,0,479
"480","5","C","C4","no tag",2023,"Jovem",7,1.5,5.7,5,5,NA,NA,NA,"Morreu",NA,NA,5,NA,0,0,480
"481","5","C","C5","2125",2022,"Reprodutivo",6.5,5.5,40.9,66.8,59.5,46,75,65,"Reprodutivo",NA,NA,63.15,70,1,1,481
"482","5","C","C5","no tag",2023,"Reprodutivo",2.5,6,13.8,12.7,15.9,NA,NA,NA,"Morreu",NA,NA,14.3,NA,1,0,482
"483","5","C","D1","no tag",2023,"Reprodutivo",4,1,14.8,6.8,8.9,NA,NA,NA,"Morreu",NA,NA,7.85,NA,1,0,483
"484","5","C","D2","no tag",2023,"Reprodutivo",5.5,5,13.7,5.8,5.7,NA,NA,NA,"Morreu",NA,NA,5.75,NA,1,0,484
"485","5","C","D2","no tag",2023,"Jovem",3,3,5,5,5,NA,NA,NA,"Morreu",NA,NA,5,NA,0,0,485
"486","5","C","D2","no tag",2023,"Jovem",4,9.5,5,5,5,NA,NA,NA,"Morreu",NA,NA,5,NA,0,0,486
"487","5","C","D3","no tag",2023,"Reprodutivo",7.5,8,20.3,5,5,NA,NA,NA,"Morreu",NA,NA,5,NA,1,0,487
"488","5","C","D3","no tag",2023,"Reprodutivo",7.5,8,20.3,5,5,NA,NA,NA,"Morreu",NA,NA,5,NA,1,0,488
"489","5","C","D3","no tag",2023,"Jovem",7.5,8,5,5,5,NA,NA,NA,"Morreu",NA,NA,5,NA,0,0,489
"490","5","C","E1","no tag",2023,"Jovem",3,5,13.9,5,5,NA,NA,NA,"Morreu",NA,NA,5,NA,0,0,490
"491","5","C","E3","no tag",2023,"Reprodutivo",3,4.5,17.6,7.3,6.5,NA,NA,NA,"Morreu",NA,NA,6.9,NA,1,0,491
"492","5","C","E3","no tag",2023,"Jovem",2,9,5,5,5,NA,NA,NA,"Morreu",NA,NA,5,NA,0,0,492
"493","5","C","E3","no tag",2023,"Reprodutivo",10,3,15,5,5,NA,NA,NA,"Morreu",NA,NA,5,NA,1,0,493
"494","5","C","E3","no tag",2023,"Reprodutivo",10,3.5,15,5,5,NA,NA,NA,"Morreu",NA,NA,5,NA,1,0,494
"495","5","C","E5","no tag",2023,"Jovem",1.4,4.5,13.9,5.8,8.5,NA,NA,NA,"Morreu",NA,NA,7.15,NA,0,0,495
"496","5","C","E5","no tag",2023,"Jovem",3,6,13,5,5,NA,NA,NA,"Morreu",NA,NA,5,NA,0,0,496
"497","5","D","A1","no tag",2023,"Reprodutivo",1.5,3,14.8,5,5,NA,NA,NA,"Morreu",NA,NA,5,NA,1,0,497
"498","5","D","A1","no tag",2023,"Reprodutivo",1.5,3,14.8,5,5,5,5,5,"Jovem",NA,NA,5,5,1,1,498
"499","5","D","A1","no tag",2023,"Jovem",1.5,3,5,5,5,NA,NA,NA,"Morreu",NA,NA,5,NA,0,0,499
"500","5","D","B2","no tag",2023,"Jovem",5.5,6.5,5,5,5,NA,NA,NA,"Morreu",NA,NA,5,NA,0,0,500
"501","5","D","C1","2136",2022,"Reprodutivo",5.5,2,24.2,21.7,20.4,20,26,24,"Reprodutivo",NA,NA,21.05,25,1,1,501
"502","5","D","C2","no tag",2023,"Jovem",5.5,6.5,15.2,5.5,5,NA,NA,NA,"Morreu",NA,NA,5.25,NA,0,0,502
"503","5","D","C3","2873",2022,"Reprodutivo",6,6.5,31.6,16.3,14.7,31,20,26,"Reprodutivo","Ganhou nova tag(#2873)",NA,15.5,23,1,1,503
"504","5","D","D3","2134",2022,"viva",5,5.5,65.2,89.3,89.8,32,40,30,"Reprodutivo",NA,NA,89.55,35,0,1,504
"505","5","D","E1","no tag",2023,"Reprodutivo",4,1.5,6,5,5,NA,NA,NA,"Morreu",NA,NA,5,NA,1,0,505
"506","5","D","E1","no tag",2023,"Jovem",1,7.5,5,5,5,NA,NA,NA,"Morreu",NA,NA,5,NA,0,0,506
"507","5","A","B5","no tag",2024,NA,3,7,NA,NA,NA,5,5,5,"Jovem",NA,NA,NA,5,NA,1,507
"508","5","A","C2","no tag",2024,NA,5,2.5,NA,NA,NA,5,5,5,"Jovem",NA,NA,NA,5,NA,1,508
"509","5","A","D2","no tag",2024,NA,6,6,NA,NA,NA,5,5,5,"Jovem",NA,NA,NA,5,NA,1,509
"510","5","A","D2","no tag",2024,NA,8,8.5,NA,NA,NA,5,5,5,"Jovem",NA,NA,NA,5,NA,1,510
"511","5","A","E3","no tag",2024,NA,3,9,NA,NA,NA,5,5,5,"Jovem",NA,NA,NA,5,NA,1,511
"512","5","A","E3","no tag",2024,NA,6,9,NA,NA,NA,15,10,12,"Jovem",NA,NA,NA,11,NA,1,512
"513","5","A","E4","no tag",2024,NA,9,1.5,NA,NA,NA,13,14,12,"Reprodutivo",NA,NA,NA,13,NA,1,513
"514","5","A","E5","no tag",2024,NA,9,4.5,NA,NA,NA,5,5,5,"Jovem",NA,NA,NA,5,NA,1,514
"515","5","B","D3","no tag",2024,NA,7,8.5,NA,NA,NA,5,5,5,"Jovem",NA,NA,NA,5,NA,1,515
"516","5","B","D5","no tag",2024,NA,4,7,NA,NA,NA,5,5,5,"Jovem",NA,NA,NA,5,NA,1,516
"517","5","B","D5","no tag",2024,NA,4,7.5,NA,NA,NA,5,5,5,"Jovem",NA,NA,NA,5,NA,1,517
"518","5","B","E1","no tag",2024,NA,0,0,NA,NA,NA,5,5,5,"Jovem",NA,NA,NA,5,NA,1,518
"519","5","B","E5","no tag",2024,NA,5,0.5,NA,NA,NA,5,5,5,"Jovem",NA,NA,NA,5,NA,1,519
"520","5","B","A2","no tag",2024,NA,0,7,NA,NA,NA,5,5,5,"Jovem",NA,NA,NA,5,NA,1,520
"521","5","B","A4","no tag",2024,NA,10,6,NA,NA,NA,5,5,5,"Jovem",NA,NA,NA,5,NA,1,521
"522","5","B","B5","no tag",2024,NA,4,9,NA,NA,NA,5,5,5,"Jovem",NA,NA,NA,5,NA,1,522
"523","5","B","B4","no tag",2024,NA,1.5,6,NA,NA,NA,5,5,5,"Jovem",NA,NA,NA,5,NA,1,523
"524","5","B","B4","no tag",2024,NA,1.5,6,NA,NA,NA,5,5,5,"Jovem",NA,NA,NA,5,NA,1,524
"525","5","B","B4","no tag",2024,NA,1.5,9,NA,NA,NA,5,5,5,"Jovem",NA,NA,NA,5,NA,1,525
"526","5","B","B3","no tag",2024,NA,5,2,NA,NA,NA,5,5,5,"Jovem",NA,NA,NA,5,NA,1,526
"527","5","B","B2","no tag",2024,NA,1,0,NA,NA,NA,5,5,5,"Jovem",NA,NA,NA,5,NA,1,527
"528","5","B","B2","no tag",2024,NA,1,0.5,NA,NA,NA,5,5,5,"Jovem",NA,NA,NA,5,NA,1,528
"529","5","B","B2","no tag",2024,NA,2,2,NA,NA,NA,5,5,5,"Jovem",NA,NA,NA,5,NA,1,529
"530","5","B","C1","no tag",2024,NA,8,5,NA,NA,NA,5,5,5,"Jovem",NA,NA,NA,5,NA,1,530
"531","5","B","C2","no tag",2024,NA,7,3.5,NA,NA,NA,5,5,5,"Jovem",NA,NA,NA,5,NA,1,531
"532","5","B","C2","no tag",2024,NA,4,9.5,NA,NA,NA,5,5,5,"Jovem",NA,NA,NA,5,NA,1,532
"533","5","B","C2","no tag",2024,NA,4,9,NA,NA,NA,5,5,5,"Jovem",NA,NA,NA,5,NA,1,533
"534","5","B","D2","no tag",2024,NA,5.5,7,NA,NA,NA,5,5,5,"Jovem",NA,NA,NA,5,NA,1,534
"535","5","B","D3","no tag",2024,NA,5.5,1.5,NA,NA,NA,5,5,5,"Jovem",NA,NA,NA,5,NA,1,535
"536","5","B","D3","no tag",2024,NA,6.5,0.5,NA,NA,NA,5,5,5,"Jovem",NA,NA,NA,5,NA,1,536
"537","5","C","A1","no tag",2024,NA,5,0,NA,NA,NA,5,5,5,"Jovem",NA,NA,NA,5,NA,1,537
"538","5","C","A1","no tag",2024,NA,0,6,NA,NA,NA,5,5,5,"Jovem",NA,NA,NA,5,NA,1,538
"539","5","C","A1","no tag",2024,NA,8.5,9,NA,NA,NA,5,5,5,"Jovem",NA,NA,NA,5,NA,1,539
"540","5","C","E1","no tag",2024,NA,7,5.5,NA,NA,NA,5,5,5,"Jovem",NA,NA,NA,5,NA,1,540
"541","5","C","E2","no tag",2024,NA,6,6.5,NA,NA,NA,5,5,5,"Jovem",NA,NA,NA,5,NA,1,541
"542","5","C","E2","no tag",2024,NA,4,9,NA,NA,NA,5,5,5,"Jovem",NA,NA,NA,5,NA,1,542
"543","5","C","E3","no tag",2024,NA,4,0,NA,NA,NA,5,5,5,"Jovem",NA,NA,NA,5,NA,1,543
"544","5","C","E3","no tag",2024,NA,9,3,NA,NA,NA,5,5,5,"Jovem",NA,NA,NA,5,NA,1,544
"545","5","D","A1","no tag",2024,NA,6,1,NA,NA,NA,5,5,5,"Jovem",NA,NA,NA,5,NA,1,545
"546","5","D","A1","no tag",2024,NA,1.5,6,NA,NA,NA,5,5,5,"Jovem",NA,NA,NA,5,NA,1,546
"547","5","D","A3","no tag",2024,NA,1.5,8,NA,NA,NA,5,5,5,"Jovem",NA,NA,NA,5,NA,1,547
"548","5","D","B1","no tag",2024,NA,6.5,0.5,NA,NA,NA,5,5,5,"Jovem",NA,NA,NA,5,NA,1,548
"549","5","D","B1","no tag",2024,NA,8,5,NA,NA,NA,5,5,5,"Jovem",NA,NA,NA,5,NA,1,549
"550","5","D","C1","no tag",2024,NA,1,7.5,NA,NA,NA,5,5,5,"Jovem",NA,NA,NA,5,NA,1,550
"551","5","D","D4","no tag",2024,NA,9,5.5,NA,NA,NA,5,5,5,"Jovem",NA,NA,NA,5,NA,1,551
"552","6","A","B2","2872",2023,"Jovem",9.5,0.5,13.5,11.3,9.3,20,15,11,"Reprodutivo","Ganhou tag (#2872)",NA,10.3,13,0,1,552
"553","6","A","D4","no tag",2023,"Jovem",1,3,12.2,5,5,25,21,19,"Reprodutivo",NA,NA,5,20,0,1,553
"554","6","A","D4","no tag",2023,"Jovem",3,9.8,13.8,5,5,NA,NA,NA,"Morreu",NA,NA,5,NA,0,0,554
"555","6","A","D4","no tag",2023,"Jovem",3,9.8,13.8,5,5,NA,NA,NA,"Morreu",NA,NA,5,NA,0,0,555
"556","6","A","D4","no tag",2023,"Jovem",5.5,8,5,5,5,NA,NA,NA,"Morreu",NA,NA,5,NA,0,0,556
"557","6","A","E3","no tag",2022,"Reprodutivo",4,6,20.6,20.7,19.8,NA,NA,NA,"Morreu",NA,NA,20.25,NA,1,0,557
"558","6","A","E4","no tag",2023,"Jovem",10,4,8.7,5,5,NA,NA,NA,"Morreu",NA,NA,5,NA,0,0,558
"559","6","B","A5","2145",2022,"Reprodutivo",8.5,4,28.7,22.7,19.7,NA,NA,NA,"Morreu","Retirou tag",NA,21.2,NA,1,0,559
"560","6","B","C4","no tag",2022,"Jovem",1,8,26.2,21.4,19.3,NA,NA,NA,"Morreu",NA,NA,20.35,NA,0,0,560
"561","6","B","D3","no tag",2023,"Jovem",1,6.5,6.1,5,5,NA,NA,NA,"Morreu",NA,NA,5,NA,0,0,561
"562","6","C","B4","2150",2022,"Reprodutivo",5,10,35.8,44.2,50,NA,NA,NA,"Morreu",NA,NA,47.1,NA,1,0,562
"563","6","C","B5","2866",2023,"Jovem",9,2,19.2,5,5,22,15,12,"Reprodutivo","Ganhou tag (#2866)",NA,5,13.5,0,1,563
"564","6","C","C1","no tag",2023,"Jovem",5.5,4,7.2,8.28,6.9,NA,NA,NA,"Morreu",NA,NA,7.59,NA,0,0,564
"565","6","C","E3","no tag",2022,"Reprodutivo",10,3,21.6,16.2,15.4,NA,NA,NA,"Morreu",NA,NA,15.8,NA,1,0,565
"566","6","D","C2","2152",2022,"Reprodutivo",7,8.5,24.2,53.2,51.2,NA,NA,NA,"Morreu","Retirou tag",NA,52.2,NA,1,0,566
"567","6","D","C2","2153",2022,"Reprodutivo",1.5,4.5,21.6,32.4,35.1,NA,NA,NA,"Morreu","Retirou tag",NA,33.75,NA,1,0,567
"568","6","D","C2","no tag",2023,"Reprodutivo",4,4,14.3,5,5,NA,NA,NA,"Morreu",NA,NA,5,NA,1,0,568
"569","6","D","C2","no tag",2023,"Reprodutivo",4,4,14.3,5,5,NA,NA,NA,"Morreu",NA,NA,5,NA,1,0,569
"570","6","D","C3","no tag",2023,"Jovem",7.5,7,6.8,5,5,NA,NA,NA,"Morreu",NA,NA,5,NA,0,0,570
"571","6","D","C3","no tag",2023,"Jovem",9.5,7.5,9,5,5,NA,NA,NA,"Morreu",NA,NA,5,NA,0,0,571
"572","6","D","D4","no tag",2023,"Jovem",5,4,6.7,6.5,10.5,5,5,5,"Reprodutivo",NA,NA,8.5,5,0,1,572
"573","6","D","E3","no tag",2023,"Jovem",4.5,7.5,25.8,37.5,30.1,NA,NA,NA,"Morreu",NA,NA,33.8,NA,0,0,573
"574","6","D","E3","no tag",2023,"Jovem",6.5,6,14.3,13.6,13.3,NA,NA,NA,"Morreu",NA,NA,13.45,NA,0,0,574
"575","6","D","E3","no tag",2023,"Jovem",9.5,5,18.1,19.4,17.5,21,20,12,"Reprodutivo",NA,NA,18.45,16,0,1,575
"576","6","D","E4","no tag",2023,"Jovem",1,4.5,10.9,7.7,8,NA,NA,NA,"Morreu",NA,NA,7.85,NA,0,0,576
"577","6","D","E4","no tag",2023,"Jovem",5,3.5,9.79,5,5,NA,NA,NA,"Morreu",NA,NA,5,NA,0,0,577
"578","6","D","E4","no tag",2023,"Jovem",3,3.5,7.7,5,5,NA,NA,NA,"Morreu",NA,NA,5,NA,0,0,578
"579","6","D","E5","no tag",2023,"Jovem",8,6.5,7.25,5,5,NA,NA,NA,"Morreu",NA,NA,5,NA,0,0,579
"580","6","D","E5","no tag",2023,"Jovem",8,6.5,7.25,5,5,NA,NA,NA,"Morreu",NA,NA,5,NA,0,0,580
"581","6","D","E5","no tag",2023,"Jovem",9.5,8.5,7.5,5,5,NA,NA,NA,"Morreu",NA,NA,5,NA,0,0,581
"582","6","D","E5","no tag",2023,"Jovem",9.5,8.5,7.5,5,5,NA,NA,NA,"Morreu",NA,NA,5,NA,0,0,582
"583","6","D","E5","no tag",2023,"Jovem",9.5,8.5,14.3,5,5,NA,NA,NA,"Morreu",NA,NA,5,NA,0,0,583
"584","6","D","E5","no tag",2023,"Jovem",9.5,8.5,19.8,11,7.9,NA,NA,NA,"Morreu",NA,NA,9.45,NA,0,0,584
"585","6","D","E5","no tag",2023,"Jovem",7,0,4.4,5,5,5,5,5,"Morreu","Individíduo com rebrota",NA,5,5,0,0,585
"586","6","D","E5","no tag",2023,"Jovem",7,2,5.5,5,5,5,5,5,"Morreu",NA,NA,5,5,0,0,586
"587","6","D","E5","no tag",2023,"Jovem",8.5,2,10.9,5,5,NA,NA,NA,"Morreu",NA,NA,5,NA,0,0,587
"588","6","D","E5","no tag",2023,"Jovem",9,9.5,16.9,6.8,9.1,NA,NA,NA,"Morreu",NA,NA,7.95,NA,0,0,588
"589","6","D","D2","no tag",2024,NA,3.5,8,NA,NA,NA,5,5,5,"Jovem",NA,NA,NA,5,NA,1,589
"590","6","D","E5","no tag",2024,NA,8,4,NA,NA,NA,5,5,5,"Jovem",NA,NA,NA,5,NA,1,590
"591","6","D","E5","no tag",2024,NA,4,4.5,NA,NA,NA,5,5,5,"Jovem",NA,NA,NA,5,NA,1,591
"592","6","A","A1","no tag",2024,NA,7,1,NA,NA,NA,5,5,5,"Jovem",NA,NA,NA,5,NA,1,592
"593","6","A","C1","no tag",2024,NA,7,4,NA,NA,NA,5,5,5,"Jovem",NA,NA,NA,5,NA,1,593
"594","6","A","D5","no tag",2024,NA,7,5,NA,NA,NA,5,5,5,"Jovem",NA,NA,NA,5,NA,1,594
"595","6","A","D5","no tag",2024,NA,7,5,NA,NA,NA,5,5,5,"Jovem",NA,NA,NA,5,NA,1,595
"596","6","B","A5","no tag",2024,NA,10,6,NA,NA,NA,5,5,5,"Jovem",NA,NA,NA,5,NA,1,596
"597","6","B","C4","no tag",2024,NA,5.5,4.5,NA,NA,NA,5,5,5,"Jovem",NA,NA,NA,5,NA,1,597
"598","6","C","A3","2870",2024,NA,3,10,NA,NA,NA,20,10,11,"Reprodutivo",NA,NA,NA,10.5,NA,1,598
"599","6","C","A5","no tag",2024,NA,8,3.5,NA,NA,NA,5,5,5,"Jovem",NA,NA,NA,5,NA,1,599
"600","6","C","B2","no tag",2024,NA,6,4,NA,NA,NA,5,5,5,"Jovem",NA,NA,NA,5,NA,1,600
"601","6","C","B2","no tag",2024,NA,6,7,NA,NA,NA,14,15,10,"Jovem",NA,NA,NA,12.5,NA,1,601
"602","6","C","B3","no tag",2024,NA,4.5,8,NA,NA,NA,25,15,9,"Reprodutivo","Tag?",NA,NA,12,NA,1,602
"603","6","C","B5","no tag",2024,NA,8,0,NA,NA,NA,5,5,5,"Jovem",NA,NA,NA,5,NA,1,603
"604","6","C","B5","no tag",2024,NA,1.5,9,NA,NA,NA,5,5,5,"Jovem",NA,NA,NA,5,NA,1,604
"605","7","A","A3","no tag",2023,"Jovem",9,7,13.8,5,6.1,NA,NA,NA,NA,NA,NA,5.55,NA,0,0,605
"606","7","A","B2","2159",2022,"viva",8,7.5,26.7,11.4,10.9,NA,NA,NA,"Morreu","Retirou tag",NA,11.15,NA,0,0,606
"607","7","A","C1","no tag",2023,"Jovem",2.5,8,12.2,5,5,5,5,5,"Jovem",NA,NA,5,5,0,1,607
"608","7","A","D3","no tag",2022,"Reprodutivo",2,3.5,31.3,16.9,15.7,NA,NA,NA,"Morreu",NA,NA,16.3,NA,1,0,608
"609","7","A","D3","no tag",2023,"Jovem",8.5,1.5,22.4,5.7,5,NA,NA,NA,"Morreu",NA,NA,5.35,NA,0,0,609
"610","7","A","D4","no tag",2023,"Jovem",8,9,18.8,5,5,NA,NA,NA,"Morreu",NA,NA,5,NA,0,0,610
"611","7","A","E2","no tag",2023,"Jovem",4,10,NA,NA,NA,NA,NA,NA,NA,NA,NA,NA,NA,0,0,611
"612","7","A","E2","no tag",2023,"Jovem",6,7.5,14.3,5,5,NA,NA,NA,"Morreu",NA,NA,5,NA,0,0,612
"613","7","A","E3","2155",2022,"Reprodutivo",3.5,8.5,44.4,24.4,21.4,30,40,25,"Reprodutivo",NA,NA,22.9,32.5,1,1,613
"614","7","A","E4","2156",2022,"Reprodutivo",7,3,25.3,28.3,22.4,NA,NA,NA,"Morreu",NA,NA,25.35,NA,1,0,614
"615","7","B","A1","no tag",2023,"Jovem",10,9,8.7,5,5,NA,NA,NA,"Morreu",NA,NA,5,NA,0,0,615
"616","7","B","A2","no tag",2023,"Jovem",2.5,1.5,11.4,5,5,NA,NA,NA,"Morreu",NA,NA,5,NA,0,0,616
"617","7","B","A2","no tag",2023,"Jovem",0.5,5.5,5,5,5,NA,NA,NA,"Morreu",NA,NA,5,NA,0,0,617
"618","7","B","A3","2167",2022,"Reprodutivo",7.5,6,31.7,33.75,28.9,NA,NA,NA,"Morreu","Retirou tag",NA,31.325,NA,1,0,618
"619","7","B","B3","2165",2022,"Reprodutivo",6,8,34.3,18.5,20.4,NA,NA,NA,"Morreu","Retirou tag",NA,19.45,NA,1,0,619
"620","7","B","C1","no tag",2023,"Jovem",8,7.5,13.9,6.3,6.1,NA,NA,NA,"Morreu",NA,NA,6.2,NA,0,0,620
"621","7","B","E1","2163",2022,"Reprodutivo",4.5,8.5,23.9,24.7,16.6,NA,NA,NA,"Morreu","Retirou tag",NA,20.65,NA,1,0,621
"622","7","B","E5","2164",2022,"Reprodutivo",2.5,2.5,19.8,10.2,18.3,NA,NA,NA,"Morreu","Retirou tag",NA,14.25,NA,1,0,622
"623","7","C","A1","2173",2022,"Reprodutivo",1,9.5,36.2,24.1,32.4,NA,NA,NA,"Morreu",NA,NA,28.25,NA,1,0,623
"624","7","C","A2","2172",2022,"Reprodutivo",0,8,48.9,46.02,39.3,NA,NA,NA,"Morreu",NA,NA,42.66,NA,1,0,624
"625","7","C","A2","no tag",2023,"Jovem",4,2,11.8,5,5,NA,NA,NA,"Morreu",NA,NA,5,NA,0,0,625
"626","7","C","A3","2171",2022,"Reprodutivo",0,4.5,22.4,12.8,18.4,NA,NA,NA,"Morreu",NA,NA,15.6,NA,1,0,626
"627","7","C","C2","no tag",2023,"Jovem",1.5,6.5,11.5,5,5,NA,NA,NA,"Morreu",NA,NA,5,NA,0,0,627
"628","7","C","C5","2169",2022,"Reprodutivo",3,3,23.1,22.3,16.8,NA,NA,NA,"Morreu","Retirou tag",NA,19.55,NA,1,0,628
"629","7","D","A1","2175",2022,"Reprodutivo",5,0,49.3,45.4,47.3,44,60,72,"Reprodutivo",NA,NA,46.35,66,1,1,629
"630","7","D","A3","no tag",2023,"Jovem",6,9,22.3,11.7,8.9,NA,NA,NA,"Morreu",NA,NA,10.3,NA,0,0,630
"631","7","D","B4","no tag",2022,"Reprodutivo",0.5,5,13.9,13.2,11.6,NA,NA,NA,"Morreu",NA,NA,12.4,NA,1,0,631
"632","7","D","E4","no tag",2023,"Jovem",4,2,7.8,5,5,NA,NA,NA,"Morreu",NA,NA,5,NA,0,0,632
"633","7","D","E4","no tag",2023,"Jovem",2.5,6,6.1,5,5,NA,NA,NA,"Morreu",NA,NA,5,NA,0,0,633
"634","7","D","E4","no tag",2023,"Jovem",7.5,6.5,5.9,5,5,NA,NA,NA,"Morreu",NA,NA,5,NA,0,0,634
"635","7","A","B2","no tag",2024,NA,6.5,7,NA,NA,NA,5,5,5,"Jovem",NA,NA,NA,5,NA,1,635
"636","7","A","C2","no tag",2024,NA,7.5,3.5,NA,NA,NA,5,5,5,"Jovem",NA,NA,NA,5,NA,1,636
"637","7","A","D3","no tag",2024,NA,7,8,NA,NA,NA,5,5,5,"Jovem",NA,NA,NA,5,NA,1,637
"638","7","A","E3","no tag",2024,NA,2,5,NA,NA,NA,5,5,5,"Jovem",NA,NA,NA,5,NA,1,638
"639","7","A","E5","no tag",2024,NA,7,3,NA,NA,NA,22,16,5,"Jovem",NA,NA,NA,10.5,NA,1,639
"640","7","B","A1","no tag",2024,NA,2,4,NA,NA,NA,5,5,5,"Jovem",NA,NA,NA,5,NA,1,640
"641","7","B","A1","no tag",2024,NA,6,8,NA,NA,NA,5,5,5,"Jovem",NA,NA,NA,5,NA,1,641
"642","7","B","A2","no tag",2024,NA,9,9,NA,NA,NA,5,5,5,"Jovem",NA,NA,NA,5,NA,1,642
"643","7","B","A4","no tag",2024,NA,2,9,NA,NA,NA,5,5,5,"Jovem",NA,NA,NA,5,NA,1,643
"644","7","C","A1","no tag",2024,NA,7.5,7,NA,NA,NA,5,5,5,"Jovem",NA,NA,NA,5,NA,1,644
"645","7","C","A1","no tag",2024,NA,0,9,NA,NA,NA,5,5,5,"Jovem",NA,NA,NA,5,NA,1,645
"646","7","C","B3","no tag",2024,NA,8,8,NA,NA,NA,5,5,5,"Jovem",NA,NA,NA,5,NA,1,646
"647","7","C","E4","no tag",2024,NA,7,9,NA,NA,NA,5,5,5,"Jovem",NA,NA,NA,5,NA,1,647
"648","7","C","E5","no tag",2024,NA,5.5,1,NA,NA,NA,5,5,5,"Jovem",NA,NA,NA,5,NA,1,648
"649","7","D","A3","no tag",2024,NA,2,6,NA,NA,NA,5,5,5,"Jovem",NA,NA,NA,5,NA,1,649
"650","7","D","A5","no tag",2024,NA,5,4,NA,NA,NA,5,5,5,"Jovem",NA,NA,NA,5,NA,1,650
"651","7","D","B3","no tag",2024,NA,4.5,7.5,NA,NA,NA,22,5,5,"Reprodutivo",NA,NA,NA,5,NA,1,651
"652","7","D","C1","no tag",2024,NA,7.5,3,NA,NA,NA,5,5,5,"Jovem",NA,NA,NA,5,NA,1,652
"653","7","D","C5","no tag",2024,NA,8,10,NA,NA,NA,5,5,5,"Jovem",NA,NA,NA,5,NA,1,653
"654","7","D","D1","no tag",2024,NA,4.5,0,NA,NA,NA,5,5,5,"Jovem",NA,NA,NA,5,NA,1,654
"655","7","D","E5","no tag",2024,NA,2,5.5,NA,NA,NA,5,5,5,"Jovem",NA,NA,NA,5,NA,1,655
"656","8","A","A1","no tag",2023,"Jovem",10,1,11.3,5,5,NA,NA,NA,"Morreu",NA,NA,5,NA,0,0,656
"657","8","A","D2","no tag",2023,"Jovem",9.5,6,11.3,5,5,NA,NA,NA,"Morreu",NA,NA,5,NA,0,0,657
"658","8","A","D3","2178",2022,"Reprodutivo",7,0.5,37.8,63.4,59.2,NA,NA,NA,"Morreu","Retirou tag",NA,61.3,NA,1,0,658
"659","8","A","E2","2183",2022,"Reprodutivo",10,0.5,31.9,64.4,58.8,NA,NA,NA,"Morreu",NA,"borda",61.6,NA,1,0,659
"660","8","B","B3","no tag",2023,"Jovem",6,2,6.7,5,5,NA,NA,NA,"Morreu",NA,NA,5,NA,0,0,660
"661","8","B","B5","2185",2022,"Reprodutivo",5.5,7.5,42.7,108.6,16.8,NA,NA,NA,"Morreu","Tag mantida?",NA,62.7,NA,1,0,661
"662","8","B","C3","2186",2022,"Reprodutivo",10,7,38.3,96.1,75.1,NA,NA,NA,"Morreu","Tag mantida?","entre c3 e d3",85.6,NA,1,0,662
"663","8","B","D1","2187",2022,"Reprodutivo",9,6,15.21,15.6,18.1,NA,NA,NA,"Morreu","Retirou tag",NA,16.85,NA,1,0,663
"664","8","B","D3","no tag",2023,"Jovem",0,2,11.2,5,5,NA,NA,NA,"Morreu",NA,NA,5,NA,0,0,664
"665","8","B","D3","no tag",2023,"Jovem",0,2,11.2,5,5,NA,NA,NA,"Morreu",NA,NA,5,NA,0,0,665
"666","8","A","C4","no tag",2024,NA,2.5,2.5,NA,NA,NA,5,5,5,"Jovem",NA,NA,NA,5,NA,1,666
"667","8","B","A2","no tag",2024,NA,7.5,5,NA,NA,NA,5,5,5,"Jovem",NA,NA,NA,5,NA,1,667
"668","8","B","A5","no tag",2024,NA,6.5,10,NA,NA,NA,5,5,5,"Jovem",NA,NA,NA,5,NA,1,668
"669","8","B","B5","no tag",2024,NA,1,10,NA,NA,NA,5,5,5,"Jovem",NA,NA,NA,5,NA,1,669
"670","8","B","B5","no tag",2024,NA,6,6,NA,NA,NA,5,5,5,"Jovem",NA,NA,NA,5,NA,1,670
"671","8","B","B5","no tag",2024,NA,7,7,NA,NA,NA,5,5,5,"Jovem",NA,NA,NA,5,NA,1,671
"672","8","B","B5","no tag",2024,NA,8,7,NA,NA,NA,5,5,5,"Jovem",NA,NA,NA,5,NA,1,672
"673","8","B","B5","no tag",2024,NA,10,3.5,NA,NA,NA,5,5,5,"Jovem",NA,NA,NA,5,NA,1,673
"674","8","B","B5","no tag",2024,NA,10,3.5,NA,NA,NA,5,5,5,"Jovem",NA,NA,NA,5,NA,1,674
"675","8","B","C1","no tag",2024,NA,7,9,NA,NA,NA,5,5,5,"Jovem",NA,NA,NA,5,NA,1,675
"676","8","B","D5","no tag",2024,NA,5.5,8,NA,NA,NA,5,5,5,"Jovem",NA,NA,NA,5,NA,1,676
"677","8","C","D4","no tag",2024,NA,3.5,9.5,NA,NA,NA,5,5,5,"Jovem",NA,NA,NA,5,NA,1,677
"678","8","C","E2","no tag",2024,NA,8,2,NA,NA,NA,5,5,5,"Jovem",NA,NA,NA,5,NA,1,678
"679","8","D","A1","no tag",2024,NA,0.5,6,NA,NA,NA,5,5,5,"Jovem",NA,NA,NA,5,NA,1,679
"680","8","D","A3","no tag",2024,NA,4,4,NA,NA,NA,5,5,5,"Jovem",NA,NA,NA,5,NA,1,680
"681","9","A","A5","no tag",2023,"Jovem",1,1.5,6.4,5,5,NA,NA,NA,"Morreu",NA,NA,5,NA,0,0,681
"682","9","A","B5","no tag",2023,"Reprodutivo",6.5,3,11.7,5,5,NA,NA,NA,"Morreu",NA,NA,5,NA,1,0,682
"683","9","A","C1","no tag",2023,"Reprodutivo",1.5,1.5,11.3,5,5,NA,NA,NA,"Morreu",NA,NA,5,NA,1,0,683
"684","9","A","C2","2193",2022,"Reprodutivo",7.5,4.5,26.3,33.17,23.9,25,40,26,"Reprodutivo",NA,NA,28.535,33,1,1,684
"685","9","A","C4","2191",2022,"Jovem",9,2.5,1.5,8.8,8.1,NA,NA,NA,"Morreu","Tag sumiu",NA,8.45,NA,0,0,685
"686","9","A","C4","no tag",2023,"Jovem",3,2.5,11.5,5,5,NA,NA,NA,"Morreu",NA,NA,5,NA,0,0,686
"687","9","A","C4","no tag",2023,"Jovem",3,2.5,9,5,5,NA,NA,NA,"Morreu",NA,NA,5,NA,0,0,687
"688","9","A","C4","no tag",2023,"Jovem",1,7,4.4,5,5,NA,NA,NA,"Morreu",NA,NA,5,NA,0,0,688
"689","9","A","D2","no tag",2023,"Reprodutivo",2,5,11.5,5,5,NA,NA,NA,"Morreu",NA,NA,5,NA,1,0,689
"690","9","A","E3","no tag",2022,"Reprodutivo",3,5,13.11,15,17.7,20,11,14,NA,"Está rebrotando (parcialmente esqueleto)","adulto no tag, ano passado",16.35,12.5,1,0,690
"691","9","B","A4","no tag",2023,"Jovem",8,3,6.9,5,5,NA,NA,NA,"Morreu",NA,NA,5,NA,0,0,691
"692","9","B","B1","2200",2022,"Reprodutivo",2,2.5,23.3,30.1,34.6,NA,NA,NA,"Morreu","Tirou tag",NA,32.35,NA,1,0,692
"693","9","B","B1","no tag",2023,"Jovem",3,8.5,12.5,5,5,NA,NA,NA,"Morreu",NA,NA,5,NA,0,0,693
"694","9","B","B2","no tag",2023,"Jovem",1,1.5,8.4,5,5,NA,NA,NA,"Morreu",NA,NA,5,NA,0,0,694
"695","9","B","B2","no tag",2023,"Jovem",3,8,9.2,5,5,NA,NA,NA,"Morreu",NA,NA,5,NA,0,0,695
"696","9","B","B2","no tag",2022,"Reprodutivo",2.5,4.5,14.3,30.2,21.7,5,5,5,"Jovem",NA,"adulto no tag, ano passdo",25.95,5,1,1,696
"697","9","C","B1","2202",2022,"Reprodutivo",9.5,0.5,44.8,68.3,71.5,NA,NA,NA,"Morreu","Confirmar quadrante. Antes estava como B_C2 mas provavelmente é C_B1",NA,69.9,NA,1,0,697
"698","9","B","D2","2864",2022,"Reprodutivo",1.5,4,28.1,21.8,17.1,40,33,37,"Reprodutivo","Ganhou tag (#2864)","adulto no tag, ano passdo",19.45,35,1,1,698
"699","9","B","D2","no tag",2023,"Jovem",8.5,0,13.1,5,5,NA,NA,NA,"Morreu",NA,NA,5,NA,0,0,699
"700","9","B","D2","no tag",2023,"Jovem",4,6,9,5,5,24,10,9,"Reprodutivo","Ao lado de #2864",NA,5,9.5,0,1,700
"701","9","B","D3","no tag",2023,"Jovem",6,2.5,14.8,5,5,NA,NA,NA,"Morreu",NA,NA,5,NA,0,0,701
"702","9","C","A2","no tag",2023,"Jovem",0,8.5,5.9,5,5,NA,NA,NA,"Morreu",NA,NA,5,NA,0,0,702
"703","9","C","A3","no tag",2023,"Jovem",1,3,8.9,5,5,NA,NA,NA,"Morreu",NA,NA,5,NA,0,0,703
"704","9","C","A3","no tag",2023,"Jovem",1.5,4.5,6.5,5,5,NA,NA,NA,"Morreu",NA,NA,5,NA,0,0,704
"705","9","C","A3","no tag",2023,"Jovem",8,7.5,12.3,6.9,7.6,NA,NA,NA,"Morreu",NA,NA,7.25,NA,0,0,705
"706","9","C","B1","2208",2022,"Reprodutivo",10,6,32.8,53.7,58.9,32,40,62,"Reprodutivo",NA,NA,56.3,51,1,1,706
"707","9","C","C1","no tag",2023,"Jovem",3,1,6.8,5,5,NA,NA,NA,"Morreu",NA,NA,5,NA,0,0,707
"708","9","C","D1","2203",2022,"Jovem",8.5,8.5,35.8,64.1,69.6,NA,NA,NA,"Morreu",NA,NA,66.85,NA,0,0,708
"709","9","C","D2","no tag",2022,"Reprodutivo",4,4,22.2,29.6,26.35,NA,NA,NA,"Morreu",NA,"adulto no tag, ano passdo",27.975,NA,1,0,709
"710","9","C","D2","no tag",2022,"Reprodutivo",8,6.5,27.6,19,22.9,NA,NA,NA,"Morreu",NA,"adulto no tag, ano passdo",20.95,NA,1,0,710
"711","9","C","D2","no tag",2022,"Reprodutivo",4,2,20.9,12.3,7.9,NA,NA,NA,"Morreu",NA,"adulto no tag, ano passdo",10.1,NA,1,0,711
"712","9","C","D5","2206",2022,"Reprodutivo",5.5,10,34.7,33.7,35.6,31,25,33,"Reprodutivo",NA,NA,34.65,29,1,1,712
"713","9","C","E1","no tag",2023,"Jovem",7,4.5,3.1,5,5,21,10,16,"Jovem",NA,NA,5,13,0,1,713
"714","9","C","E1","no tag",2023,"Jovem",6.5,7,6.3,5,5,NA,NA,NA,"Morreu",NA,NA,5,NA,0,0,714
"715","9","C","E2","no tag",2023,"Jovem",10,4,12.6,5,5,NA,NA,NA,"Morreu",NA,NA,5,NA,0,0,715
"716","9","C","E2","2205",2022,"Jovem",10,6.5,17.3,48.9,24.9,NA,NA,NA,"Morreu","Retirou tag",NA,36.9,NA,0,0,716
"717","9","C","E2","2204",2022,"Reprodutivo",4,4.5,32.4,31.6,27,20,23,31,"Reprodutivo",NA,NA,29.3,27,1,1,717
"718","9","D","A1","2214",2022,"Jovem",9,9,18.7,22.6,28.9,NA,NA,NA,"Morreu","Tag?",NA,25.75,NA,0,0,718
"719","9","D","A2","2218",2022,"Reprodutivo",5,1,27.5,40.9,49.7,33,42,44,"Reprodutivo",NA,NA,45.3,43,1,1,719
"720","9","D","A2","2217",2022,"Reprodutivo",8,6.5,28.5,39.7,47.3,32,29,38,"Reprodutivo",NA,NA,43.5,33.5,1,1,720
"721","9","D","A3","no tag",2023,"Jovem",9,9,13.6,7.7,6.7,NA,NA,NA,"Morreu",NA,NA,7.2,NA,0,0,721
"722","9","D","A3","2215",2022,"Reprodutivo",1,9.5,28.6,39.1,25.4,NA,NA,NA,"Morreu","Retirou tag",NA,32.25,NA,1,0,722
"723","9","D","A3","2216",2022,"Reprodutivo",7,4.5,33.3,30.1,42.7,30,24,25,"Reprodutivo",NA,NA,36.4,24.5,1,1,723
"724","9","D","B1","no tag",2023,"Reprodutivo",3,1,15.9,5,5,NA,NA,NA,"Morreu",NA,NA,5,NA,1,0,724
"725","9","D","B1","no tag",2023,"Jovem",4,4,5.1,5,5,NA,NA,NA,"Morreu",NA,NA,5,NA,0,0,725
"726","9","D","B1","no tag",2023,"Jovem",5,4.5,7.4,5,5,NA,NA,NA,"Morreu",NA,NA,5,NA,0,0,726
"727","9","D","B1","no tag",2023,"Jovem",9,1,16.9,7.7,7.5,NA,NA,NA,"Morreu",NA,NA,7.6,NA,0,0,727
"728","9","D","B2","2225",2022,"Jovem",4.5,6,15.9,16.1,17,14,21,15,"Jovem",NA,NA,16.55,18,0,1,728
"729","9","D","B2","no tag",2023,"Jovem",1.5,3.5,8.6,5,5,NA,NA,NA,"Morreu",NA,NA,5,NA,0,0,729
"730","9","D","B3","2223",2022,"Reprodutivo",2,1,8.6,5,5,NA,NA,NA,"Morreu","Retirou tag",NA,5,NA,1,0,730
"731","9","D","B3","no tag",2023,"Jovem",2.5,9.5,6,5,5,NA,NA,NA,"Morreu",NA,NA,5,NA,0,0,731
"732","9","D","B3","no tag",2023,"Jovem",2.5,9.5,6,5,5,14,5,5,"Jovem",NA,NA,5,5,0,1,732
"733","9","D","D2","2211",2022,"Jovem",1.5,8,7.4,5,5,NA,NA,NA,"Morreu","Retirou tag",NA,5,NA,0,0,733
"734","9","D","D2","2222",2022,"Jovem",8,6,19.1,18.7,25.1,18,27,22,"Reprodutivo",NA,NA,21.9,24.5,0,1,734
"735","9","D","D4","2224",2022,"Reprodutivo",5,6,25.5,22.9,23.3,NA,NA,NA,"Morreu","Retirou tag",NA,23.1,NA,1,0,735
"736","9","D","E2","2221",2022,"Jovem",5,8,11.3,9.3,8.9,NA,NA,NA,"Morreu","Retirou tag",NA,9.1,NA,0,0,736
"737","9","D","E3","2212",2022,"Reprodutivo",10,4,18.6,15,13.3,NA,NA,NA,"Morreu","Retirou tag",NA,14.15,NA,1,0,737
"738","9","D","E3","no tag",2023,"Jovem",7,6,4.4,5,5,NA,NA,NA,"Morreu",NA,NA,5,NA,0,0,738
"739","9","D","E3","no tag",2023,"Jovem",7,6,4.4,5,5,NA,NA,NA,"Morreu",NA,NA,5,NA,0,0,739
"740","9","D","E3","2210",2022,"Jovem",4,4.5,20.2,16,16.6,NA,NA,NA,"Morreu",NA,NA,16.3,NA,0,0,740
"741","9","D","E3","no tag",2022,"Reprodutivo",4.5,2,16.7,11.1,11.1,NA,NA,NA,"Morreu","adulto no tag, ano passado","adulto no tag, ano passado",11.1,NA,1,0,741
"742","9","D","E5","2213",2022,"Reprodutivo",10,2,29.4,38.3,41.6,NA,NA,NA,"Morreu","Tag mantida",NA,39.95,NA,1,0,742
"743","9","A","B2","No tag",2024,NA,10,0,NA,NA,NA,5,5,5,"Jovem",NA,NA,NA,5,NA,1,743
"744","9","A","B5","No tag",2024,NA,1,5.5,NA,NA,NA,5,5,5,"Jovem",NA,NA,NA,5,NA,1,744
"745","9","A","C1","No tag",2024,NA,3.5,4.5,NA,NA,NA,5,5,5,"Jovem",NA,NA,NA,5,NA,1,745
"746","9","A","D1","No tag",2024,NA,8,4.5,NA,NA,NA,5,5,5,"Jovem",NA,NA,NA,5,NA,1,746
"747","9","A","D3","No tag",2024,NA,5,1,NA,NA,NA,5,5,5,"Jovem",NA,NA,NA,5,NA,1,747
"748","9","A","D4","No tag",2024,NA,4.5,5,NA,NA,NA,5,5,5,"Jovem",NA,NA,NA,5,NA,1,748
"749","9","A","E2","No tag",2024,NA,4.5,5.5,NA,NA,NA,5,5,5,"Jovem",NA,NA,NA,5,NA,1,749
"750","9","A","E3","No tag",2024,NA,9.5,8.5,NA,NA,NA,23,15,13,"Jovem",NA,NA,NA,14,NA,1,750
"751","9","B","A3","No tag",2024,NA,5,4.5,NA,NA,NA,5,5,5,"Jovem",NA,NA,NA,5,NA,1,751
"752","9","B","B2","No tag",2025,NA,3,1.5,NA,NA,NA,5,5,5,"Jovem",NA,NA,NA,5,NA,1,752
"753","9","B","B2","No tag",2026,NA,3,1.5,NA,NA,NA,5,5,5,"Jovem",NA,NA,NA,5,NA,1,753
"754","9","B","B2","No tag",2027,NA,5,4,NA,NA,NA,5,5,5,"Jovem",NA,NA,NA,5,NA,1,754
"755","9","B","B2","No tag",2028,NA,4,7.5,NA,NA,NA,5,5,5,"Jovem",NA,NA,NA,5,NA,1,755
"756","9","B","C3","No tag",2029,NA,5,0.5,NA,NA,NA,5,5,5,"Jovem",NA,NA,NA,5,NA,1,756
"757","9","B","C3","No tag",2030,NA,2.5,2,NA,NA,NA,5,5,5,"Jovem",NA,NA,NA,5,NA,1,757
"758","9","B","C3","No tag",2031,NA,9,4.5,NA,NA,NA,5,5,5,"Jovem",NA,NA,NA,5,NA,1,758
"759","9","B","C2","No tag",2032,NA,9,4,NA,NA,NA,5,5,5,"Jovem",NA,NA,NA,5,NA,1,759
"760","9","B","C5","No tag",2033,NA,4,4.5,NA,NA,NA,25,15,10,"Reprodutivo",NA,NA,NA,12.5,NA,1,760
"761","9","B","D2","No tag",2034,NA,4,1,NA,NA,NA,5,5,5,"Jovem",NA,NA,NA,5,NA,1,761
"762","9","B","D2","No tag",2035,NA,6,1,NA,NA,NA,5,5,5,"Jovem",NA,NA,NA,5,NA,1,762
"763","9","B","D2","No tag",2036,NA,3,7.5,NA,NA,NA,5,5,5,"Jovem",NA,NA,NA,5,NA,1,763
"764","9","B","D2","No tag",2037,NA,0.5,9,NA,NA,NA,5,5,5,"Jovem",NA,NA,NA,5,NA,1,764
"765","9","B","D2","No tag",2024,NA,1,9,NA,NA,NA,5,5,5,"Jovem",NA,NA,NA,5,NA,1,765
"766","9","B","D2","No tag",2024,NA,8.5,7.5,NA,NA,NA,5,5,5,"Jovem",NA,NA,NA,5,NA,1,766
"767","9","B","D3","No tag",2024,NA,4,3.5,NA,NA,NA,5,5,5,"Jovem",NA,NA,NA,5,NA,1,767
"768","9","B","D3","No tag",2024,NA,4,5,NA,NA,NA,5,5,5,"Jovem",NA,NA,NA,5,NA,1,768
"769","9","B","D3","No tag",2024,NA,4,6,NA,NA,NA,5,5,5,"Jovem",NA,NA,NA,5,NA,1,769
"770","9","B","D3","No tag",2024,NA,9,7,NA,NA,NA,5,5,5,"Jovem",NA,NA,NA,5,NA,1,770
"771","9","B","D3","No tag",2024,NA,7.5,0,NA,NA,NA,5,5,5,"Jovem",NA,NA,NA,5,NA,1,771
"772","9","B","D3","No tag",2024,NA,9,8,NA,NA,NA,5,5,5,"Jovem",NA,NA,NA,5,NA,1,772
"773","9","B","E5","No tag",2024,NA,0.5,9,NA,NA,NA,5,5,5,"Jovem",NA,NA,NA,5,NA,1,773
"774","9","C","A1","No tag",2024,NA,7.5,5,NA,NA,NA,5,5,5,"Jovem",NA,NA,NA,5,NA,1,774
"775","9","C","A1","No tag",2024,NA,7.5,5,NA,NA,NA,5,5,5,"Jovem",NA,NA,NA,5,NA,1,775
"776","9","C","A1","No tag",2024,NA,7.5,5,NA,NA,NA,5,5,5,"Jovem",NA,NA,NA,5,NA,1,776
"777","9","C","A1","No tag",2024,NA,7,9,NA,NA,NA,5,5,5,"Jovem",NA,NA,NA,5,NA,1,777
"778","9","C","E2","No tag",2024,NA,3,10,NA,NA,NA,5,5,5,"Jovem",NA,NA,NA,5,NA,1,778
"779","9","C","E2","No tag",2024,NA,7,6.5,NA,NA,NA,5,5,5,"Jovem",NA,NA,NA,5,NA,1,779
"780","9","C","E2","No tag",2024,NA,8,6,NA,NA,NA,5,5,5,"Jovem",NA,NA,NA,5,NA,1,780
"781","9","D","A1","No tag",2024,NA,6,5,NA,NA,NA,5,5,5,"Jovem",NA,NA,NA,5,NA,1,781
"782","9","D","A4","No tag",2024,NA,3,3.5,NA,NA,NA,5,5,5,"Jovem",NA,NA,NA,5,NA,1,782
"783","9","D","A4","No tag",2024,NA,1,9.5,NA,NA,NA,5,5,5,"Jovem",NA,NA,NA,5,NA,1,783
"784","9","D","A5","No tag",2024,NA,6.5,5,NA,NA,NA,5,5,5,"Jovem",NA,NA,NA,5,NA,1,784
"785","9","D","B1","No tag",2024,NA,8,0,NA,NA,NA,5,5,5,"Jovem",NA,NA,NA,5,NA,1,785
"786","9","D","B3","No tag",2024,NA,5.5,6,NA,NA,NA,23,10,11,"Jovem",NA,NA,NA,10.5,NA,1,786
"787","9","D","B4","No tag",2024,NA,0.5,0.5,NA,NA,NA,5,5,5,"Jovem",NA,NA,NA,5,NA,1,787
"788","9","D","C1","No tag",2024,NA,4.5,3,NA,NA,NA,5,5,5,"Jovem",NA,NA,NA,5,NA,1,788
"789","9","D","C5","No tag",2024,NA,3,2.5,NA,NA,NA,5,5,5,"Jovem",NA,NA,NA,5,NA,1,789
"790","9","D","D2","No tag",2024,NA,6,4,NA,NA,NA,5,5,5,"Jovem",NA,NA,NA,5,NA,1,790
"791","10","A","A2","no tag",2023,"Jovem",3.5,4.5,13.2,11.2,12.3,NA,NA,NA,"Morreu",NA,NA,11.75,NA,0,0,791
"792","10","A","B5","no tag",2023,"Jovem",4,5,12.9,13.9,11.7,NA,NA,NA,"Morreu",NA,NA,12.8,NA,0,0,792
"793","10","A","D1","no tag",2023,"Jovem",3,4,7.1,5,5,NA,NA,NA,"Morreu",NA,NA,5,NA,0,0,793
"794","10","B","D1","2226",2022,"Reprodutivo",6,5,27,15.2,11.4,NA,NA,NA,"Morreu","Retirou tag",NA,13.3,NA,1,0,794
"795","10","B","D1","2227",2022,"Reprodutivo",5.5,7,18.8,26.1,18.4,NA,NA,NA,"Morreu","Retirou tag",NA,22.25,NA,1,0,795
"796","10","C","B1","2229",2022,"Reprodutivo",8,0,23.6,16,23.7,NA,NA,NA,"Morreu","Retirou tag",NA,19.85,NA,1,0,796
"797","10","C","C1","2888",2023,"Jovem",1.5,8,9.3,12.9,12.4,23,19,22,"Jovem","Ganhou tag(#2888). Não foi registrado jovem ou reprodutivo, então assumi que continuava como jovem",NA,12.65,20.5,0,1,797
"798","10","C","D2","2231",2022,"Jovem",1.5,7.5,12.4,5,5,NA,NA,NA,"Morreu","Retirou tag",NA,5,NA,0,0,798
"799","10","D","D5","2236",2022,"Reprodutivo",5.5,10.5,38.1,50.7,47.5,NA,NA,NA,"Morreu","Tag mantida",NA,49.1,NA,1,0,799
"800","10","D","D5","2235",2022,"Jovem",6,10,30.2,24.2,26.9,NA,NA,NA,"Morreu","Retirou tag",NA,25.55,NA,0,0,800
"801","10","D","E5","2237",2022,"Reprodutivo",3,6,31.8,52,24.7,NA,NA,NA,"Morreu","Retirou tag",NA,38.35,NA,1,0,801
"802","10","A","B5","No tag",2024,NA,4,5,NA,NA,NA,5,5,5,"Jovem",NA,NA,NA,5,NA,1,802
"803","10","A","E1","No tag",2024,NA,2,4.5,NA,NA,NA,5,5,5,"Jovem",NA,NA,NA,5,NA,1,803
"804","10","B","B4","No tag",2024,NA,9.5,1,NA,NA,NA,5,5,5,"Jovem",NA,NA,NA,5,NA,1,804
"805","10","C","D2","No tag",2024,NA,7,5.5,NA,NA,NA,16,5,5,"Jovem",NA,NA,NA,5,NA,1,805
"806","10","C","D3","No tag",2024,NA,3,1.5,NA,NA,NA,5,5,5,"Jovem",NA,NA,NA,5,NA,1,806
"807","10","C","D3","No tag",2024,NA,6,3,NA,NA,NA,5,5,5,"Jovem",NA,NA,NA,5,NA,1,807
"808","10","D","B5","2887",2024,NA,4.5,7.5,NA,NA,NA,17,5,5,"Jovem","Ganhou tag (#2887)",NA,NA,5,NA,1,808
"809","10","D","D5","no tag",2024,NA,2.5,3,NA,NA,NA,18,11,16,"Jovem",NA,NA,NA,13.5,NA,1,809
"810","ext.p7","NEXT P7","NA","2177",2022,"Reprodutivo",NA,NA,63.1,154.5,134.6,NA,NA,NA,"Morreu",NA,NA,144.55,NA,1,0,810
"811","ext.p3","NEXT P3","NA","2064",2022,"Reprodutivo",NA,NA,46.3,109.3,133.1,NA,NA,NA,NA,NA,NA,121.2,NA,1,0,811
"812","ext.p5","next  P5","NA","2141",2022,"Reprodutivo",NA,NA,60.6,87.2,38.3,NA,NA,NA,"Morreu","Retirou a tag",NA,62.75,NA,1,0,812
"813","ext.p3","NEXT P3","NA","2102",2022,"Reprodutivo",NA,NA,42.6,140.6,76.9,64,79,150,"Jovem","Tag reutilizada de indiv. Morto em 2023.",NA,108.75,114.5,1,1,813
